term_id,L,S,J,Jʹ,K,Q,coefficient
2p3_L=1.0_S=1.0,1,1,0.0,0.0,0.0,-0.0,0.0
2p3_L=1.0_S=1.0,1,1,0.0,1.0,1.0,-1.0,29616496926.04057
2p3_L=1.0_S=1.0,1,1,0.0,1.0,1.0,-0.0,29616496926.04057
2p3_L=1.0_S=1.0,1,1,0.0,1.0,1.0,1.0,29616496926.04057
2p3_L=1.0_S=1.0,1,1,0.0,2.0,2.0,-2.0,31909909229.60795
2p3_L=1.0_S=1.0,1,1,0.0,2.0,2.0,-1.0,31909909229.60795
2p3_L=1.0_S=1.0,1,1,0.0,2.0,2.0,-0.0,31909909229.60795
2p3_L=1.0_S=1.0,1,1,0.0,2.0,2.0,1.0,31909909229.60795
2p3_L=1.0_S=1.0,1,1,0.0,2.0,2.0,2.0,31909909229.60795
2p3_L=1.0_S=1.0,1,1,1.0,0.0,1.0,-1.0,-29616496926.04057
2p3_L=1.0_S=1.0,1,1,1.0,0.0,1.0,-0.0,-29616496926.04057
2p3_L=1.0_S=1.0,1,1,1.0,0.0,1.0,1.0,-29616496926.04057
2p3_L=1.0_S=1.0,1,1,1.0,1.0,0.0,-0.0,0.0
2p3_L=1.0_S=1.0,1,1,1.0,1.0,1.0,-1.0,0.0
2p3_L=1.0_S=1.0,1,1,1.0,1.0,1.0,-0.0,0.0
2p3_L=1.0_S=1.0,1,1,1.0,1.0,1.0,1.0,0.0
2p3_L=1.0_S=1.0,1,1,1.0,1.0,2.0,-2.0,0.0
2p3_L=1.0_S=1.0,1,1,1.0,1.0,2.0,-1.0,0.0
2p3_L=1.0_S=1.0,1,1,1.0,1.0,2.0,-0.0,0.0
2p3_L=1.0_S=1.0,1,1,1.0,1.0,2.0,1.0,0.0
2p3_L=1.0_S=1.0,1,1,1.0,1.0,2.0,2.0,0.0
2p3_L=1.0_S=1.0,1,1,1.0,2.0,1.0,-1.0,2293412303.5673785
2p3_L=1.0_S=1.0,1,1,1.0,2.0,1.0,-0.0,2293412303.5673785
2p3_L=1.0_S=1.0,1,1,1.0,2.0,1.0,1.0,2293412303.5673785
2p3_L=1.0_S=1.0,1,1,1.0,2.0,2.0,-2.0,2293412303.5673785
2p3_L=1.0_S=1.0,1,1,1.0,2.0,2.0,-1.0,2293412303.5673785
2p3_L=1.0_S=1.0,1,1,1.0,2.0,2.0,-0.0,2293412303.5673785
2p3_L=1.0_S=1.0,1,1,1.0,2.0,2.0,1.0,2293412303.5673785
2p3_L=1.0_S=1.0,1,1,1.0,2.0,2.0,2.0,2293412303.5673785
2p3_L=1.0_S=1.0,1,1,1.0,2.0,3.0,-3.0,2293412303.5673785
2p3_L=1.0_S=1.0,1,1,1.0,2.0,3.0,-2.0,2293412303.5673785
2p3_L=1.0_S=1.0,1,1,1.0,2.0,3.0,-1.0,2293412303.5673785
2p3_L=1.0_S=1.0,1,1,1.0,2.0,3.0,-0.0,2293412303.5673785
2p3_L=1.0_S=1.0,1,1,1.0,2.0,3.0,1.0,2293412303.5673785
2p3_L=1.0_S=1.0,1,1,1.0,2.0,3.0,2.0,2293412303.5673785
2p3_L=1.0_S=1.0,1,1,1.0,2.0,3.0,3.0,2293412303.5673785
2p3_L=1.0_S=1.0,1,1,2.0,0.0,2.0,-2.0,-31909909229.60795
2p3_L=1.0_S=1.0,1,1,2.0,0.0,2.0,-1.0,-31909909229.60795
2p3_L=1.0_S=1.0,1,1,2.0,0.0,2.0,-0.0,-31909909229.60795
2p3_L=1.0_S=1.0,1,1,2.0,0.0,2.0,1.0,-31909909229.60795
2p3_L=1.0_S=1.0,1,1,2.0,0.0,2.0,2.0,-31909909229.60795
2p3_L=1.0_S=1.0,1,1,2.0,1.0,1.0,-1.0,-2293412303.5673785
2p3_L=1.0_S=1.0,1,1,2.0,1.0,1.0,-0.0,-2293412303.5673785
2p3_L=1.0_S=1.0,1,1,2.0,1.0,1.0,1.0,-2293412303.5673785
2p3_L=1.0_S=1.0,1,1,2.0,1.0,2.0,-2.0,-2293412303.5673785
2p3_L=1.0_S=1.0,1,1,2.0,1.0,2.0,-1.0,-2293412303.5673785
2p3_L=1.0_S=1.0,1,1,2.0,1.0,2.0,-0.0,-2293412303.5673785
2p3_L=1.0_S=1.0,1,1,2.0,1.0,2.0,1.0,-2293412303.5673785
2p3_L=1.0_S=1.0,1,1,2.0,1.0,2.0,2.0,-2293412303.5673785
2p3_L=1.0_S=1.0,1,1,2.0,1.0,3.0,-3.0,-2293412303.5673785
2p3_L=1.0_S=1.0,1,1,2.0,1.0,3.0,-2.0,-2293412303.5673785
2p3_L=1.0_S=1.0,1,1,2.0,1.0,3.0,-1.0,-2293412303.5673785
2p3_L=1.0_S=1.0,1,1,2.0,1.0,3.0,-0.0,-2293412303.5673785
2p3_L=1.0_S=1.0,1,1,2.0,1.0,3.0,1.0,-2293412303.5673785
2p3_L=1.0_S=1.0,1,1,2.0,1.0,3.0,2.0,-2293412303.5673785
2p3_L=1.0_S=1.0,1,1,2.0,1.0,3.0,3.0,-2293412303.5673785
2p3_L=1.0_S=1.0,1,1,2.0,2.0,0.0,-0.0,0.0
2p3_L=1.0_S=1.0,1,1,2.0,2.0,1.0,-1.0,0.0
2p3_L=1.0_S=1.0,1,1,2.0,2.0,1.0,-0.0,0.0
2p3_L=1.0_S=1.0,1,1,2.0,2.0,1.0,1.0,0.0
2p3_L=1.0_S=1.0,1,1,2.0,2.0,2.0,-2.0,0.0
2p3_L=1.0_S=1.0,1,1,2.0,2.0,2.0,-1.0,0.0
2p3_L=1.0_S=1.0,1,1,2.0,2.0,2.0,-0.0,0.0
2p3_L=1.0_S=1.0,1,1,2.0,2.0,2.0,1.0,0.0
2p3_L=1.0_S=1.0,1,1,2.0,2.0,2.0,2.0,0.0
2p3_L=1.0_S=1.0,1,1,2.0,2.0,3.0,-3.0,0.0
2p3_L=1.0_S=1.0,1,1,2.0,2.0,3.0,-2.0,0.0
2p3_L=1.0_S=1.0,1,1,2.0,2.0,3.0,-1.0,0.0
2p3_L=1.0_S=1.0,1,1,2.0,2.0,3.0,-0.0,0.0
2p3_L=1.0_S=1.0,1,1,2.0,2.0,3.0,1.0,0.0
2p3_L=1.0_S=1.0,1,1,2.0,2.0,3.0,2.0,0.0
2p3_L=1.0_S=1.0,1,1,2.0,2.0,3.0,3.0,0.0
2p3_L=1.0_S=1.0,1,1,2.0,2.0,4.0,-4.0,0.0
2p3_L=1.0_S=1.0,1,1,2.0,2.0,4.0,-3.0,0.0
2p3_L=1.0_S=1.0,1,1,2.0,2.0,4.0,-2.0,0.0
2p3_L=1.0_S=1.0,1,1,2.0,2.0,4.0,-1.0,0.0
2p3_L=1.0_S=1.0,1,1,2.0,2.0,4.0,-0.0,0.0
2p3_L=1.0_S=1.0,1,1,2.0,2.0,4.0,1.0,0.0
2p3_L=1.0_S=1.0,1,1,2.0,2.0,4.0,2.0,0.0
2p3_L=1.0_S=1.0,1,1,2.0,2.0,4.0,3.0,0.0
2p3_L=1.0_S=1.0,1,1,2.0,2.0,4.0,4.0,0.0
2s3_L=0.0_S=1.0,0,1,1.0,1.0,0.0,-0.0,0.0
2s3_L=0.0_S=1.0,0,1,1.0,1.0,1.0,-1.0,0.0
2s3_L=0.0_S=1.0,0,1,1.0,1.0,1.0,-0.0,0.0
2s3_L=0.0_S=1.0,0,1,1.0,1.0,1.0,1.0,0.0
2s3_L=0.0_S=1.0,0,1,1.0,1.0,2.0,-2.0,0.0
2s3_L=0.0_S=1.0,0,1,1.0,1.0,2.0,-1.0,0.0
2s3_L=0.0_S=1.0,0,1,1.0,1.0,2.0,-0.0,0.0
2s3_L=0.0_S=1.0,0,1,1.0,1.0,2.0,1.0,0.0
2s3_L=0.0_S=1.0,0,1,1.0,1.0,2.0,2.0,0.0
3d3_L=2.0_S=1.0,2,1,1.0,1.0,0.0,-0.0,0.0
3d3_L=2.0_S=1.0,2,1,1.0,1.0,1.0,-1.0,0.0
3d3_L=2.0_S=1.0,2,1,1.0,1.0,1.0,-0.0,0.0
3d3_L=2.0_S=1.0,2,1,1.0,1.0,1.0,1.0,0.0
3d3_L=2.0_S=1.0,2,1,1.0,1.0,2.0,-2.0,0.0
3d3_L=2.0_S=1.0,2,1,1.0,1.0,2.0,-1.0,0.0
3d3_L=2.0_S=1.0,2,1,1.0,1.0,2.0,-0.0,0.0
3d3_L=2.0_S=1.0,2,1,1.0,1.0,2.0,1.0,0.0
3d3_L=2.0_S=1.0,2,1,1.0,1.0,2.0,2.0,0.0
3d3_L=2.0_S=1.0,2,1,1.0,2.0,1.0,-1.0,1325082664.4772654
3d3_L=2.0_S=1.0,2,1,1.0,2.0,1.0,-0.0,1325082664.4772654
3d3_L=2.0_S=1.0,2,1,1.0,2.0,1.0,1.0,1325082664.4772654
3d3_L=2.0_S=1.0,2,1,1.0,2.0,2.0,-2.0,1325082664.4772654
3d3_L=2.0_S=1.0,2,1,1.0,2.0,2.0,-1.0,1325082664.4772654
3d3_L=2.0_S=1.0,2,1,1.0,2.0,2.0,-0.0,1325082664.4772654
3d3_L=2.0_S=1.0,2,1,1.0,2.0,2.0,1.0,1325082664.4772654
3d3_L=2.0_S=1.0,2,1,1.0,2.0,2.0,2.0,1325082664.4772654
3d3_L=2.0_S=1.0,2,1,1.0,2.0,3.0,-3.0,1325082664.4772654
3d3_L=2.0_S=1.0,2,1,1.0,2.0,3.0,-2.0,1325082664.4772654
3d3_L=2.0_S=1.0,2,1,1.0,2.0,3.0,-1.0,1325082664.4772654
3d3_L=2.0_S=1.0,2,1,1.0,2.0,3.0,-0.0,1325082664.4772654
3d3_L=2.0_S=1.0,2,1,1.0,2.0,3.0,1.0,1325082664.4772654
3d3_L=2.0_S=1.0,2,1,1.0,2.0,3.0,2.0,1325082664.4772654
3d3_L=2.0_S=1.0,2,1,1.0,2.0,3.0,3.0,1325082664.4772654
3d3_L=2.0_S=1.0,2,1,1.0,3.0,2.0,-2.0,1403028703.7694602
3d3_L=2.0_S=1.0,2,1,1.0,3.0,2.0,-1.0,1403028703.7694602
3d3_L=2.0_S=1.0,2,1,1.0,3.0,2.0,-0.0,1403028703.7694602
3d3_L=2.0_S=1.0,2,1,1.0,3.0,2.0,1.0,1403028703.7694602
3d3_L=2.0_S=1.0,2,1,1.0,3.0,2.0,2.0,1403028703.7694602
3d3_L=2.0_S=1.0,2,1,1.0,3.0,3.0,-3.0,1403028703.7694602
3d3_L=2.0_S=1.0,2,1,1.0,3.0,3.0,-2.0,1403028703.7694602
3d3_L=2.0_S=1.0,2,1,1.0,3.0,3.0,-1.0,1403028703.7694602
3d3_L=2.0_S=1.0,2,1,1.0,3.0,3.0,-0.0,1403028703.7694602
3d3_L=2.0_S=1.0,2,1,1.0,3.0,3.0,1.0,1403028703.7694602
3d3_L=2.0_S=1.0,2,1,1.0,3.0,3.0,2.0,1403028703.7694602
3d3_L=2.0_S=1.0,2,1,1.0,3.0,3.0,3.0,1403028703.7694602
3d3_L=2.0_S=1.0,2,1,1.0,3.0,4.0,-4.0,1403028703.7694602
3d3_L=2.0_S=1.0,2,1,1.0,3.0,4.0,-3.0,1403028703.7694602
3d3_L=2.0_S=1.0,2,1,1.0,3.0,4.0,-2.0,1403028703.7694602
3d3_L=2.0_S=1.0,2,1,1.0,3.0,4.0,-1.0,1403028703.7694602
3d3_L=2.0_S=1.0,2,1,1.0,3.0,4.0,-0.0,1403028703.7694602
3d3_L=2.0_S=1.0,2,1,1.0,3.0,4.0,1.0,1403028703.7694602
3d3_L=2.0_S=1.0,2,1,1.0,3.0,4.0,2.0,1403028703.7694602
3d3_L=2.0_S=1.0,2,1,1.0,3.0,4.0,3.0,1403028703.7694602
3d3_L=2.0_S=1.0,2,1,1.0,3.0,4.0,4.0,1403028703.7694602
3d3_L=2.0_S=1.0,2,1,2.0,1.0,1.0,-1.0,-1325082664.4772654
3d3_L=2.0_S=1.0,2,1,2.0,1.0,1.0,-0.0,-1325082664.4772654
3d3_L=2.0_S=1.0,2,1,2.0,1.0,1.0,1.0,-1325082664.4772654
3d3_L=2.0_S=1.0,2,1,2.0,1.0,2.0,-2.0,-1325082664.4772654
3d3_L=2.0_S=1.0,2,1,2.0,1.0,2.0,-1.0,-1325082664.4772654
3d3_L=2.0_S=1.0,2,1,2.0,1.0,2.0,-0.0,-1325082664.4772654
3d3_L=2.0_S=1.0,2,1,2.0,1.0,2.0,1.0,-1325082664.4772654
3d3_L=2.0_S=1.0,2,1,2.0,1.0,2.0,2.0,-1325082664.4772654
3d3_L=2.0_S=1.0,2,1,2.0,1.0,3.0,-3.0,-1325082664.4772654
3d3_L=2.0_S=1.0,2,1,2.0,1.0,3.0,-2.0,-1325082664.4772654
3d3_L=2.0_S=1.0,2,1,2.0,1.0,3.0,-1.0,-1325082664.4772654
3d3_L=2.0_S=1.0,2,1,2.0,1.0,3.0,-0.0,-1325082664.4772654
3d3_L=2.0_S=1.0,2,1,2.0,1.0,3.0,1.0,-1325082664.4772654
3d3_L=2.0_S=1.0,2,1,2.0,1.0,3.0,2.0,-1325082664.4772654
3d3_L=2.0_S=1.0,2,1,2.0,1.0,3.0,3.0,-1325082664.4772654
3d3_L=2.0_S=1.0,2,1,2.0,2.0,0.0,-0.0,0.0
3d3_L=2.0_S=1.0,2,1,2.0,2.0,1.0,-1.0,0.0
3d3_L=2.0_S=1.0,2,1,2.0,2.0,1.0,-0.0,0.0
3d3_L=2.0_S=1.0,2,1,2.0,2.0,1.0,1.0,0.0
3d3_L=2.0_S=1.0,2,1,2.0,2.0,2.0,-2.0,0.0
3d3_L=2.0_S=1.0,2,1,2.0,2.0,2.0,-1.0,0.0
3d3_L=2.0_S=1.0,2,1,2.0,2.0,2.0,-0.0,0.0
3d3_L=2.0_S=1.0,2,1,2.0,2.0,2.0,1.0,0.0
3d3_L=2.0_S=1.0,2,1,2.0,2.0,2.0,2.0,0.0
3d3_L=2.0_S=1.0,2,1,2.0,2.0,3.0,-3.0,0.0
3d3_L=2.0_S=1.0,2,1,2.0,2.0,3.0,-2.0,0.0
3d3_L=2.0_S=1.0,2,1,2.0,2.0,3.0,-1.0,0.0
3d3_L=2.0_S=1.0,2,1,2.0,2.0,3.0,-0.0,0.0
3d3_L=2.0_S=1.0,2,1,2.0,2.0,3.0,1.0,0.0
3d3_L=2.0_S=1.0,2,1,2.0,2.0,3.0,2.0,0.0
3d3_L=2.0_S=1.0,2,1,2.0,2.0,3.0,3.0,0.0
3d3_L=2.0_S=1.0,2,1,2.0,2.0,4.0,-4.0,0.0
3d3_L=2.0_S=1.0,2,1,2.0,2.0,4.0,-3.0,0.0
3d3_L=2.0_S=1.0,2,1,2.0,2.0,4.0,-2.0,0.0
3d3_L=2.0_S=1.0,2,1,2.0,2.0,4.0,-1.0,0.0
3d3_L=2.0_S=1.0,2,1,2.0,2.0,4.0,-0.0,0.0
3d3_L=2.0_S=1.0,2,1,2.0,2.0,4.0,1.0,0.0
3d3_L=2.0_S=1.0,2,1,2.0,2.0,4.0,2.0,0.0
3d3_L=2.0_S=1.0,2,1,2.0,2.0,4.0,3.0,0.0
3d3_L=2.0_S=1.0,2,1,2.0,2.0,4.0,4.0,0.0
3d3_L=2.0_S=1.0,2,1,2.0,3.0,1.0,-1.0,77946039.29219465
3d3_L=2.0_S=1.0,2,1,2.0,3.0,1.0,-0.0,77946039.29219465
3d3_L=2.0_S=1.0,2,1,2.0,3.0,1.0,1.0,77946039.29219465
3d3_L=2.0_S=1.0,2,1,2.0,3.0,2.0,-2.0,77946039.29219465
3d3_L=2.0_S=1.0,2,1,2.0,3.0,2.0,-1.0,77946039.29219465
3d3_L=2.0_S=1.0,2,1,2.0,3.0,2.0,-0.0,77946039.29219465
3d3_L=2.0_S=1.0,2,1,2.0,3.0,2.0,1.0,77946039.29219465
3d3_L=2.0_S=1.0,2,1,2.0,3.0,2.0,2.0,77946039.29219465
3d3_L=2.0_S=1.0,2,1,2.0,3.0,3.0,-3.0,77946039.29219465
3d3_L=2.0_S=1.0,2,1,2.0,3.0,3.0,-2.0,77946039.29219465
3d3_L=2.0_S=1.0,2,1,2.0,3.0,3.0,-1.0,77946039.29219465
3d3_L=2.0_S=1.0,2,1,2.0,3.0,3.0,-0.0,77946039.29219465
3d3_L=2.0_S=1.0,2,1,2.0,3.0,3.0,1.0,77946039.29219465
3d3_L=2.0_S=1.0,2,1,2.0,3.0,3.0,2.0,77946039.29219465
3d3_L=2.0_S=1.0,2,1,2.0,3.0,3.0,3.0,77946039.29219465
3d3_L=2.0_S=1.0,2,1,2.0,3.0,4.0,-4.0,77946039.29219465
3d3_L=2.0_S=1.0,2,1,2.0,3.0,4.0,-3.0,77946039.29219465
3d3_L=2.0_S=1.0,2,1,2.0,3.0,4.0,-2.0,77946039.29219465
3d3_L=2.0_S=1.0,2,1,2.0,3.0,4.0,-1.0,77946039.29219465
3d3_L=2.0_S=1.0,2,1,2.0,3.0,4.0,-0.0,77946039.29219465
3d3_L=2.0_S=1.0,2,1,2.0,3.0,4.0,1.0,77946039.29219465
3d3_L=2.0_S=1.0,2,1,2.0,3.0,4.0,2.0,77946039.29219465
3d3_L=2.0_S=1.0,2,1,2.0,3.0,4.0,3.0,77946039.29219465
3d3_L=2.0_S=1.0,2,1,2.0,3.0,4.0,4.0,77946039.29219465
3d3_L=2.0_S=1.0,2,1,2.0,3.0,5.0,-5.0,77946039.29219465
3d3_L=2.0_S=1.0,2,1,2.0,3.0,5.0,-4.0,77946039.29219465
3d3_L=2.0_S=1.0,2,1,2.0,3.0,5.0,-3.0,77946039.29219465
3d3_L=2.0_S=1.0,2,1,2.0,3.0,5.0,-2.0,77946039.29219465
3d3_L=2.0_S=1.0,2,1,2.0,3.0,5.0,-1.0,77946039.29219465
3d3_L=2.0_S=1.0,2,1,2.0,3.0,5.0,-0.0,77946039.29219465
3d3_L=2.0_S=1.0,2,1,2.0,3.0,5.0,1.0,77946039.29219465
3d3_L=2.0_S=1.0,2,1,2.0,3.0,5.0,2.0,77946039.29219465
3d3_L=2.0_S=1.0,2,1,2.0,3.0,5.0,3.0,77946039.29219465
3d3_L=2.0_S=1.0,2,1,2.0,3.0,5.0,4.0,77946039.29219465
3d3_L=2.0_S=1.0,2,1,2.0,3.0,5.0,5.0,77946039.29219465
3d3_L=2.0_S=1.0,2,1,3.0,1.0,2.0,-2.0,-1403028703.7694602
3d3_L=2.0_S=1.0,2,1,3.0,1.0,2.0,-1.0,-1403028703.7694602
3d3_L=2.0_S=1.0,2,1,3.0,1.0,2.0,-0.0,-1403028703.7694602
3d3_L=2.0_S=1.0,2,1,3.0,1.0,2.0,1.0,-1403028703.7694602
3d3_L=2.0_S=1.0,2,1,3.0,1.0,2.0,2.0,-1403028703.7694602
3d3_L=2.0_S=1.0,2,1,3.0,1.0,3.0,-3.0,-1403028703.7694602
3d3_L=2.0_S=1.0,2,1,3.0,1.0,3.0,-2.0,-1403028703.7694602
3d3_L=2.0_S=1.0,2,1,3.0,1.0,3.0,-1.0,-1403028703.7694602
3d3_L=2.0_S=1.0,2,1,3.0,1.0,3.0,-0.0,-1403028703.7694602
3d3_L=2.0_S=1.0,2,1,3.0,1.0,3.0,1.0,-1403028703.7694602
3d3_L=2.0_S=1.0,2,1,3.0,1.0,3.0,2.0,-1403028703.7694602
3d3_L=2.0_S=1.0,2,1,3.0,1.0,3.0,3.0,-1403028703.7694602
3d3_L=2.0_S=1.0,2,1,3.0,1.0,4.0,-4.0,-1403028703.7694602
3d3_L=2.0_S=1.0,2,1,3.0,1.0,4.0,-3.0,-1403028703.7694602
3d3_L=2.0_S=1.0,2,1,3.0,1.0,4.0,-2.0,-1403028703.7694602
3d3_L=2.0_S=1.0,2,1,3.0,1.0,4.0,-1.0,-1403028703.7694602
3d3_L=2.0_S=1.0,2,1,3.0,1.0,4.0,-0.0,-1403028703.7694602
3d3_L=2.0_S=1.0,2,1,3.0,1.0,4.0,1.0,-1403028703.7694602
3d3_L=2.0_S=1.0,2,1,3.0,1.0,4.0,2.0,-1403028703.7694602
3d3_L=2.0_S=1.0,2,1,3.0,1.0,4.0,3.0,-1403028703.7694602
3d3_L=2.0_S=1.0,2,1,3.0,1.0,4.0,4.0,-1403028703.7694602
3d3_L=2.0_S=1.0,2,1,3.0,2.0,1.0,-1.0,-77946039.29219465
3d3_L=2.0_S=1.0,2,1,3.0,2.0,1.0,-0.0,-77946039.29219465
3d3_L=2.0_S=1.0,2,1,3.0,2.0,1.0,1.0,-77946039.29219465
3d3_L=2.0_S=1.0,2,1,3.0,2.0,2.0,-2.0,-77946039.29219465
3d3_L=2.0_S=1.0,2,1,3.0,2.0,2.0,-1.0,-77946039.29219465
3d3_L=2.0_S=1.0,2,1,3.0,2.0,2.0,-0.0,-77946039.29219465
3d3_L=2.0_S=1.0,2,1,3.0,2.0,2.0,1.0,-77946039.29219465
3d3_L=2.0_S=1.0,2,1,3.0,2.0,2.0,2.0,-77946039.29219465
3d3_L=2.0_S=1.0,2,1,3.0,2.0,3.0,-3.0,-77946039.29219465
3d3_L=2.0_S=1.0,2,1,3.0,2.0,3.0,-2.0,-77946039.29219465
3d3_L=2.0_S=1.0,2,1,3.0,2.0,3.0,-1.0,-77946039.29219465
3d3_L=2.0_S=1.0,2,1,3.0,2.0,3.0,-0.0,-77946039.29219465
3d3_L=2.0_S=1.0,2,1,3.0,2.0,3.0,1.0,-77946039.29219465
3d3_L=2.0_S=1.0,2,1,3.0,2.0,3.0,2.0,-77946039.29219465
3d3_L=2.0_S=1.0,2,1,3.0,2.0,3.0,3.0,-77946039.29219465
3d3_L=2.0_S=1.0,2,1,3.0,2.0,4.0,-4.0,-77946039.29219465
3d3_L=2.0_S=1.0,2,1,3.0,2.0,4.0,-3.0,-77946039.29219465
3d3_L=2.0_S=1.0,2,1,3.0,2.0,4.0,-2.0,-77946039.29219465
3d3_L=2.0_S=1.0,2,1,3.0,2.0,4.0,-1.0,-77946039.29219465
3d3_L=2.0_S=1.0,2,1,3.0,2.0,4.0,-0.0,-77946039.29219465
3d3_L=2.0_S=1.0,2,1,3.0,2.0,4.0,1.0,-77946039.29219465
3d3_L=2.0_S=1.0,2,1,3.0,2.0,4.0,2.0,-77946039.29219465
3d3_L=2.0_S=1.0,2,1,3.0,2.0,4.0,3.0,-77946039.29219465
3d3_L=2.0_S=1.0,2,1,3.0,2.0,4.0,4.0,-77946039.29219465
3d3_L=2.0_S=1.0,2,1,3.0,2.0,5.0,-5.0,-77946039.29219465
3d3_L=2.0_S=1.0,2,1,3.0,2.0,5.0,-4.0,-77946039.29219465
3d3_L=2.0_S=1.0,2,1,3.0,2.0,5.0,-3.0,-77946039.29219465
3d3_L=2.0_S=1.0,2,1,3.0,2.0,5.0,-2.0,-77946039.29219465
3d3_L=2.0_S=1.0,2,1,3.0,2.0,5.0,-1.0,-77946039.29219465
3d3_L=2.0_S=1.0,2,1,3.0,2.0,5.0,-0.0,-77946039.29219465
3d3_L=2.0_S=1.0,2,1,3.0,2.0,5.0,1.0,-77946039.29219465
3d3_L=2.0_S=1.0,2,1,3.0,2.0,5.0,2.0,-77946039.29219465
3d3_L=2.0_S=1.0,2,1,3.0,2.0,5.0,3.0,-77946039.29219465
3d3_L=2.0_S=1.0,2,1,3.0,2.0,5.0,4.0,-77946039.29219465
3d3_L=2.0_S=1.0,2,1,3.0,2.0,5.0,5.0,-77946039.29219465
3d3_L=2.0_S=1.0,2,1,3.0,3.0,0.0,-0.0,0.0
3d3_L=2.0_S=1.0,2,1,3.0,3.0,1.0,-1.0,0.0
3d3_L=2.0_S=1.0,2,1,3.0,3.0,1.0,-0.0,0.0
3d3_L=2.0_S=1.0,2,1,3.0,3.0,1.0,1.0,0.0
3d3_L=2.0_S=1.0,2,1,3.0,3.0,2.0,-2.0,0.0
3d3_L=2.0_S=1.0,2,1,3.0,3.0,2.0,-1.0,0.0
3d3_L=2.0_S=1.0,2,1,3.0,3.0,2.0,-0.0,0.0
3d3_L=2.0_S=1.0,2,1,3.0,3.0,2.0,1.0,0.0
3d3_L=2.0_S=1.0,2,1,3.0,3.0,2.0,2.0,0.0
3d3_L=2.0_S=1.0,2,1,3.0,3.0,3.0,-3.0,0.0
3d3_L=2.0_S=1.0,2,1,3.0,3.0,3.0,-2.0,0.0
3d3_L=2.0_S=1.0,2,1,3.0,3.0,3.0,-1.0,0.0
3d3_L=2.0_S=1.0,2,1,3.0,3.0,3.0,-0.0,0.0
3d3_L=2.0_S=1.0,2,1,3.0,3.0,3.0,1.0,0.0
3d3_L=2.0_S=1.0,2,1,3.0,3.0,3.0,2.0,0.0
3d3_L=2.0_S=1.0,2,1,3.0,3.0,3.0,3.0,0.0
3d3_L=2.0_S=1.0,2,1,3.0,3.0,4.0,-4.0,0.0
3d3_L=2.0_S=1.0,2,1,3.0,3.0,4.0,-3.0,0.0
3d3_L=2.0_S=1.0,2,1,3.0,3.0,4.0,-2.0,0.0
3d3_L=2.0_S=1.0,2,1,3.0,3.0,4.0,-1.0,0.0
3d3_L=2.0_S=1.0,2,1,3.0,3.0,4.0,-0.0,0.0
3d3_L=2.0_S=1.0,2,1,3.0,3.0,4.0,1.0,0.0
3d3_L=2.0_S=1.0,2,1,3.0,3.0,4.0,2.0,0.0
3d3_L=2.0_S=1.0,2,1,3.0,3.0,4.0,3.0,0.0
3d3_L=2.0_S=1.0,2,1,3.0,3.0,4.0,4.0,0.0
3d3_L=2.0_S=1.0,2,1,3.0,3.0,5.0,-5.0,0.0
3d3_L=2.0_S=1.0,2,1,3.0,3.0,5.0,-4.0,0.0
3d3_L=2.0_S=1.0,2,1,3.0,3.0,5.0,-3.0,0.0
3d3_L=2.0_S=1.0,2,1,3.0,3.0,5.0,-2.0,0.0
3d3_L=2.0_S=1.0,2,1,3.0,3.0,5.0,-1.0,0.0
3d3_L=2.0_S=1.0,2,1,3.0,3.0,5.0,-0.0,0.0
3d3_L=2.0_S=1.0,2,1,3.0,3.0,5.0,1.0,0.0
3d3_L=2.0_S=1.0,2,1,3.0,3.0,5.0,2.0,0.0
3d3_L=2.0_S=1.0,2,1,3.0,3.0,5.0,3.0,0.0
3d3_L=2.0_S=1.0,2,1,3.0,3.0,5.0,4.0,0.0
3d3_L=2.0_S=1.0,2,1,3.0,3.0,5.0,5.0,0.0
3d3_L=2.0_S=1.0,2,1,3.0,3.0,6.0,-6.0,0.0
3d3_L=2.0_S=1.0,2,1,3.0,3.0,6.0,-5.0,0.0
3d3_L=2.0_S=1.0,2,1,3.0,3.0,6.0,-4.0,0.0
3d3_L=2.0_S=1.0,2,1,3.0,3.0,6.0,-3.0,0.0
3d3_L=2.0_S=1.0,2,1,3.0,3.0,6.0,-2.0,0.0
3d3_L=2.0_S=1.0,2,1,3.0,3.0,6.0,-1.0,0.0
3d3_L=2.0_S=1.0,2,1,3.0,3.0,6.0,-0.0,0.0
3d3_L=2.0_S=1.0,2,1,3.0,3.0,6.0,1.0,0.0
3d3_L=2.0_S=1.0,2,1,3.0,3.0,6.0,2.0,0.0
3d3_L=2.0_S=1.0,2,1,3.0,3.0,6.0,3.0,0.0
3d3_L=2.0_S=1.0,2,1,3.0,3.0,6.0,4.0,0.0
3d3_L=2.0_S=1.0,2,1,3.0,3.0,6.0,5.0,0.0
3d3_L=2.0_S=1.0,2,1,3.0,3.0,6.0,6.0,0.0
3p3_L=1.0_S=1.0,1,1,0.0,0.0,0.0,-0.0,0.0
3p3_L=1.0_S=1.0,1,1,0.0,1.0,1.0,-1.0,8127373535.887206
3p3_L=1.0_S=1.0,1,1,0.0,1.0,1.0,-0.0,8127373535.887206
3p3_L=1.0_S=1.0,1,1,0.0,1.0,1.0,1.0,8127373535.887206
3p3_L=1.0_S=1.0,1,1,0.0,2.0,2.0,-2.0,8771927320.663986
3p3_L=1.0_S=1.0,1,1,0.0,2.0,2.0,-1.0,8771927320.663986
3p3_L=1.0_S=1.0,1,1,0.0,2.0,2.0,-0.0,8771927320.663986
3p3_L=1.0_S=1.0,1,1,0.0,2.0,2.0,1.0,8771927320.663986
3p3_L=1.0_S=1.0,1,1,0.0,2.0,2.0,2.0,8771927320.663986
3p3_L=1.0_S=1.0,1,1,1.0,0.0,1.0,-1.0,-8127373535.887206
3p3_L=1.0_S=1.0,1,1,1.0,0.0,1.0,-0.0,-8127373535.887206
3p3_L=1.0_S=1.0,1,1,1.0,0.0,1.0,1.0,-8127373535.887206
3p3_L=1.0_S=1.0,1,1,1.0,1.0,0.0,-0.0,0.0
3p3_L=1.0_S=1.0,1,1,1.0,1.0,1.0,-1.0,0.0
3p3_L=1.0_S=1.0,1,1,1.0,1.0,1.0,-0.0,0.0
3p3_L=1.0_S=1.0,1,1,1.0,1.0,1.0,1.0,0.0
3p3_L=1.0_S=1.0,1,1,1.0,1.0,2.0,-2.0,0.0
3p3_L=1.0_S=1.0,1,1,1.0,1.0,2.0,-1.0,0.0
3p3_L=1.0_S=1.0,1,1,1.0,1.0,2.0,-0.0,0.0
3p3_L=1.0_S=1.0,1,1,1.0,1.0,2.0,1.0,0.0
3p3_L=1.0_S=1.0,1,1,1.0,1.0,2.0,2.0,0.0
3p3_L=1.0_S=1.0,1,1,1.0,2.0,1.0,-1.0,644553784.776781
3p3_L=1.0_S=1.0,1,1,1.0,2.0,1.0,-0.0,644553784.776781
3p3_L=1.0_S=1.0,1,1,1.0,2.0,1.0,1.0,644553784.776781
3p3_L=1.0_S=1.0,1,1,1.0,2.0,2.0,-2.0,644553784.776781
3p3_L=1.0_S=1.0,1,1,1.0,2.0,2.0,-1.0,644553784.776781
3p3_L=1.0_S=1.0,1,1,1.0,2.0,2.0,-0.0,644553784.776781
3p3_L=1.0_S=1.0,1,1,1.0,2.0,2.0,1.0,644553784.776781
3p3_L=1.0_S=1.0,1,1,1.0,2.0,2.0,2.0,644553784.776781
3p3_L=1.0_S=1.0,1,1,1.0,2.0,3.0,-3.0,644553784.776781
3p3_L=1.0_S=1.0,1,1,1.0,2.0,3.0,-2.0,644553784.776781
3p3_L=1.0_S=1.0,1,1,1.0,2.0,3.0,-1.0,644553784.776781
3p3_L=1.0_S=1.0,1,1,1.0,2.0,3.0,-0.0,644553784.776781
3p3_L=1.0_S=1.0,1,1,1.0,2.0,3.0,1.0,644553784.776781
3p3_L=1.0_S=1.0,1,1,1.0,2.0,3.0,2.0,644553784.776781
3p3_L=1.0_S=1.0,1,1,1.0,2.0,3.0,3.0,644553784.776781
3p3_L=1.0_S=1.0,1,1,2.0,0.0,2.0,-2.0,-8771927320.663986
3p3_L=1.0_S=1.0,1,1,2.0,0.0,2.0,-1.0,-8771927320.663986
3p3_L=1.0_S=1.0,1,1,2.0,0.0,2.0,-0.0,-8771927320.663986
3p3_L=1.0_S=1.0,1,1,2.0,0.0,2.0,1.0,-8771927320.663986
3p3_L=1.0_S=1.0,1,1,2.0,0.0,2.0,2.0,-8771927320.663986
3p3_L=1.0_S=1.0,1,1,2.0,1.0,1.0,-1.0,-644553784.776781
3p3_L=1.0_S=1.0,1,1,2.0,1.0,1.0,-0.0,-644553784.776781
3p3_L=1.0_S=1.0,1,1,2.0,1.0,1.0,1.0,-644553784.776781
3p3_L=1.0_S=1.0,1,1,2.0,1.0,2.0,-2.0,-644553784.776781
3p3_L=1.0_S=1.0,1,1,2.0,1.0,2.0,-1.0,-644553784.776781
3p3_L=1.0_S=1.0,1,1,2.0,1.0,2.0,-0.0,-644553784.776781
3p3_L=1.0_S=1.0,1,1,2.0,1.0,2.0,1.0,-644553784.776781
3p3_L=1.0_S=1.0,1,1,2.0,1.0,2.0,2.0,-644553784.776781
3p3_L=1.0_S=1.0,1,1,2.0,1.0,3.0,-3.0,-644553784.776781
3p3_L=1.0_S=1.0,1,1,2.0,1.0,3.0,-2.0,-644553784.776781
3p3_L=1.0_S=1.0,1,1,2.0,1.0,3.0,-1.0,-644553784.776781
3p3_L=1.0_S=1.0,1,1,2.0,1.0,3.0,-0.0,-644553784.776781
3p3_L=1.0_S=1.0,1,1,2.0,1.0,3.0,1.0,-644553784.776781
3p3_L=1.0_S=1.0,1,1,2.0,1.0,3.0,2.0,-644553784.776781
3p3_L=1.0_S=1.0,1,1,2.0,1.0,3.0,3.0,-644553784.776781
3p3_L=1.0_S=1.0,1,1,2.0,2.0,0.0,-0.0,0.0
3p3_L=1.0_S=1.0,1,1,2.0,2.0,1.0,-1.0,0.0
3p3_L=1.0_S=1.0,1,1,2.0,2.0,1.0,-0.0,0.0
3p3_L=1.0_S=1.0,1,1,2.0,2.0,1.0,1.0,0.0
3p3_L=1.0_S=1.0,1,1,2.0,2.0,2.0,-2.0,0.0
3p3_L=1.0_S=1.0,1,1,2.0,2.0,2.0,-1.0,0.0
3p3_L=1.0_S=1.0,1,1,2.0,2.0,2.0,-0.0,0.0
3p3_L=1.0_S=1.0,1,1,2.0,2.0,2.0,1.0,0.0
3p3_L=1.0_S=1.0,1,1,2.0,2.0,2.0,2.0,0.0
3p3_L=1.0_S=1.0,1,1,2.0,2.0,3.0,-3.0,0.0
3p3_L=1.0_S=1.0,1,1,2.0,2.0,3.0,-2.0,0.0
3p3_L=1.0_S=1.0,1,1,2.0,2.0,3.0,-1.0,0.0
3p3_L=1.0_S=1.0,1,1,2.0,2.0,3.0,-0.0,0.0
3p3_L=1.0_S=1.0,1,1,2.0,2.0,3.0,1.0,0.0
3p3_L=1.0_S=1.0,1,1,2.0,2.0,3.0,2.0,0.0
3p3_L=1.0_S=1.0,1,1,2.0,2.0,3.0,3.0,0.0
3p3_L=1.0_S=1.0,1,1,2.0,2.0,4.0,-4.0,0.0
3p3_L=1.0_S=1.0,1,1,2.0,2.0,4.0,-3.0,0.0
3p3_L=1.0_S=1.0,1,1,2.0,2.0,4.0,-2.0,0.0
3p3_L=1.0_S=1.0,1,1,2.0,2.0,4.0,-1.0,0.0
3p3_L=1.0_S=1.0,1,1,2.0,2.0,4.0,-0.0,0.0
3p3_L=1.0_S=1.0,1,1,2.0,2.0,4.0,1.0,0.0
3p3_L=1.0_S=1.0,1,1,2.0,2.0,4.0,2.0,0.0
3p3_L=1.0_S=1.0,1,1,2.0,2.0,4.0,3.0,0.0
3p3_L=1.0_S=1.0,1,1,2.0,2.0,4.0,4.0,0.0
3s3_L=0.0_S=1.0,0,1,1.0,1.0,0.0,-0.0,0.0
3s3_L=0.0_S=1.0,0,1,1.0,1.0,1.0,-1.0,0.0
3s3_L=0.0_S=1.0,0,1,1.0,1.0,1.0,-0.0,0.0
3s3_L=0.0_S=1.0,0,1,1.0,1.0,1.0,1.0,0.0
3s3_L=0.0_S=1.0,0,1,1.0,1.0,2.0,-2.0,0.0
3s3_L=0.0_S=1.0,0,1,1.0,1.0,2.0,-1.0,0.0
3s3_L=0.0_S=1.0,0,1,1.0,1.0,2.0,-0.0,0.0
3s3_L=0.0_S=1.0,0,1,1.0,1.0,2.0,1.0,0.0
3s3_L=0.0_S=1.0,0,1,1.0,1.0,2.0,2.0,0.0
