term_id,L,S,term_upper_id,Lu,J,Jʹ,K,Q,Ju,Jʹu,Ku,Qu,coefficient
2p3_L=1.0_S=1.0,1,1,3d3_L=2.0_S=1.0,2,0.0,0.0,0.0,-0.0,1.0,1.0,0.0,-0.0,203669929.96112695
2p3_L=1.0_S=1.0,1,1,3d3_L=2.0_S=1.0,2,0.0,1.0,1.0,-1.0,1.0,1.0,1.0,-1.0,-101834964.98056348
2p3_L=1.0_S=1.0,1,1,3d3_L=2.0_S=1.0,2,0.0,1.0,1.0,-1.0,1.0,2.0,1.0,-1.0,176383333.3333333
2p3_L=1.0_S=1.0,1,1,3d3_L=2.0_S=1.0,2,0.0,1.0,1.0,-0.0,1.0,1.0,1.0,-0.0,-101834964.98056348
2p3_L=1.0_S=1.0,1,1,3d3_L=2.0_S=1.0,2,0.0,1.0,1.0,-0.0,1.0,2.0,1.0,-0.0,176383333.3333333
2p3_L=1.0_S=1.0,1,1,3d3_L=2.0_S=1.0,2,0.0,1.0,1.0,1.0,1.0,1.0,1.0,1.0,-101834964.98056348
2p3_L=1.0_S=1.0,1,1,3d3_L=2.0_S=1.0,2,0.0,1.0,1.0,1.0,1.0,2.0,1.0,1.0,176383333.3333333
2p3_L=1.0_S=1.0,1,1,3d3_L=2.0_S=1.0,2,0.0,2.0,2.0,-2.0,1.0,1.0,2.0,-2.0,20366992.996112697
2p3_L=1.0_S=1.0,1,1,3d3_L=2.0_S=1.0,2,0.0,2.0,2.0,-2.0,1.0,2.0,2.0,-2.0,-78881024.68626758
2p3_L=1.0_S=1.0,1,1,3d3_L=2.0_S=1.0,2,0.0,2.0,2.0,-2.0,1.0,3.0,2.0,-2.0,186666574.16664374
2p3_L=1.0_S=1.0,1,1,3d3_L=2.0_S=1.0,2,0.0,2.0,2.0,-1.0,1.0,1.0,2.0,-1.0,20366992.996112697
2p3_L=1.0_S=1.0,1,1,3d3_L=2.0_S=1.0,2,0.0,2.0,2.0,-1.0,1.0,2.0,2.0,-1.0,-78881024.68626758
2p3_L=1.0_S=1.0,1,1,3d3_L=2.0_S=1.0,2,0.0,2.0,2.0,-1.0,1.0,3.0,2.0,-1.0,186666574.16664374
2p3_L=1.0_S=1.0,1,1,3d3_L=2.0_S=1.0,2,0.0,2.0,2.0,-0.0,1.0,1.0,2.0,-0.0,20366992.996112697
2p3_L=1.0_S=1.0,1,1,3d3_L=2.0_S=1.0,2,0.0,2.0,2.0,-0.0,1.0,2.0,2.0,-0.0,-78881024.68626758
2p3_L=1.0_S=1.0,1,1,3d3_L=2.0_S=1.0,2,0.0,2.0,2.0,-0.0,1.0,3.0,2.0,-0.0,186666574.16664374
2p3_L=1.0_S=1.0,1,1,3d3_L=2.0_S=1.0,2,0.0,2.0,2.0,1.0,1.0,1.0,2.0,1.0,20366992.996112697
2p3_L=1.0_S=1.0,1,1,3d3_L=2.0_S=1.0,2,0.0,2.0,2.0,1.0,1.0,2.0,2.0,1.0,-78881024.68626758
2p3_L=1.0_S=1.0,1,1,3d3_L=2.0_S=1.0,2,0.0,2.0,2.0,1.0,1.0,3.0,2.0,1.0,186666574.16664374
2p3_L=1.0_S=1.0,1,1,3d3_L=2.0_S=1.0,2,0.0,2.0,2.0,2.0,1.0,1.0,2.0,2.0,20366992.996112697
2p3_L=1.0_S=1.0,1,1,3d3_L=2.0_S=1.0,2,0.0,2.0,2.0,2.0,1.0,2.0,2.0,2.0,-78881024.68626758
2p3_L=1.0_S=1.0,1,1,3d3_L=2.0_S=1.0,2,0.0,2.0,2.0,2.0,1.0,3.0,2.0,2.0,186666574.16664374
2p3_L=1.0_S=1.0,1,1,3d3_L=2.0_S=1.0,2,1.0,0.0,1.0,-1.0,1.0,1.0,1.0,-1.0,101834964.98056348
2p3_L=1.0_S=1.0,1,1,3d3_L=2.0_S=1.0,2,1.0,0.0,1.0,-1.0,2.0,1.0,1.0,-1.0,176383333.3333333
2p3_L=1.0_S=1.0,1,1,3d3_L=2.0_S=1.0,2,1.0,0.0,1.0,-0.0,1.0,1.0,1.0,-0.0,101834964.98056348
2p3_L=1.0_S=1.0,1,1,3d3_L=2.0_S=1.0,2,1.0,0.0,1.0,-0.0,2.0,1.0,1.0,-0.0,176383333.3333333
2p3_L=1.0_S=1.0,1,1,3d3_L=2.0_S=1.0,2,1.0,0.0,1.0,1.0,1.0,1.0,1.0,1.0,101834964.98056348
2p3_L=1.0_S=1.0,1,1,3d3_L=2.0_S=1.0,2,1.0,0.0,1.0,1.0,2.0,1.0,1.0,1.0,176383333.3333333
2p3_L=1.0_S=1.0,1,1,3d3_L=2.0_S=1.0,2,1.0,1.0,0.0,-0.0,1.0,1.0,0.0,-0.0,88191666.66666666
2p3_L=1.0_S=1.0,1,1,3d3_L=2.0_S=1.0,2,1.0,1.0,0.0,-0.0,2.0,2.0,0.0,-0.0,204938913.76456544
2p3_L=1.0_S=1.0,1,1,3d3_L=2.0_S=1.0,2,1.0,1.0,1.0,-1.0,1.0,1.0,1.0,-1.0,44095833.33333333
2p3_L=1.0_S=1.0,1,1,3d3_L=2.0_S=1.0,2,1.0,1.0,1.0,-1.0,1.0,2.0,1.0,-1.0,76376223.73542261
2p3_L=1.0_S=1.0,1,1,3d3_L=2.0_S=1.0,2,1.0,1.0,1.0,-1.0,2.0,1.0,1.0,-1.0,-76376223.73542261
2p3_L=1.0_S=1.0,1,1,3d3_L=2.0_S=1.0,2,1.0,1.0,1.0,-1.0,2.0,2.0,1.0,-1.0,177482305.544102
2p3_L=1.0_S=1.0,1,1,3d3_L=2.0_S=1.0,2,1.0,1.0,1.0,-0.0,1.0,1.0,1.0,-0.0,44095833.33333333
2p3_L=1.0_S=1.0,1,1,3d3_L=2.0_S=1.0,2,1.0,1.0,1.0,-0.0,1.0,2.0,1.0,-0.0,76376223.73542261
2p3_L=1.0_S=1.0,1,1,3d3_L=2.0_S=1.0,2,1.0,1.0,1.0,-0.0,2.0,1.0,1.0,-0.0,-76376223.73542261
2p3_L=1.0_S=1.0,1,1,3d3_L=2.0_S=1.0,2,1.0,1.0,1.0,-0.0,2.0,2.0,1.0,-0.0,177482305.544102
2p3_L=1.0_S=1.0,1,1,3d3_L=2.0_S=1.0,2,1.0,1.0,1.0,1.0,1.0,1.0,1.0,1.0,44095833.33333333
2p3_L=1.0_S=1.0,1,1,3d3_L=2.0_S=1.0,2,1.0,1.0,1.0,1.0,1.0,2.0,1.0,1.0,76376223.73542261
2p3_L=1.0_S=1.0,1,1,3d3_L=2.0_S=1.0,2,1.0,1.0,1.0,1.0,2.0,1.0,1.0,1.0,-76376223.73542261
2p3_L=1.0_S=1.0,1,1,3d3_L=2.0_S=1.0,2,1.0,1.0,1.0,1.0,2.0,2.0,1.0,1.0,177482305.544102
2p3_L=1.0_S=1.0,1,1,3d3_L=2.0_S=1.0,2,1.0,1.0,2.0,-2.0,1.0,1.0,2.0,-2.0,-44095833.33333333
2p3_L=1.0_S=1.0,1,1,3d3_L=2.0_S=1.0,2,1.0,1.0,2.0,-2.0,1.0,2.0,2.0,-2.0,102469456.88228272
2p3_L=1.0_S=1.0,1,1,3d3_L=2.0_S=1.0,2,1.0,1.0,2.0,-2.0,2.0,1.0,2.0,-2.0,-102469456.8822827
2p3_L=1.0_S=1.0,1,1,3d3_L=2.0_S=1.0,2,1.0,1.0,2.0,-2.0,2.0,2.0,2.0,-2.0,121243496.44929413
2p3_L=1.0_S=1.0,1,1,3d3_L=2.0_S=1.0,2,1.0,1.0,2.0,-1.0,1.0,1.0,2.0,-1.0,-44095833.33333333
2p3_L=1.0_S=1.0,1,1,3d3_L=2.0_S=1.0,2,1.0,1.0,2.0,-1.0,1.0,2.0,2.0,-1.0,102469456.88228272
2p3_L=1.0_S=1.0,1,1,3d3_L=2.0_S=1.0,2,1.0,1.0,2.0,-1.0,2.0,1.0,2.0,-1.0,-102469456.8822827
2p3_L=1.0_S=1.0,1,1,3d3_L=2.0_S=1.0,2,1.0,1.0,2.0,-1.0,2.0,2.0,2.0,-1.0,121243496.44929413
2p3_L=1.0_S=1.0,1,1,3d3_L=2.0_S=1.0,2,1.0,1.0,2.0,-0.0,1.0,1.0,2.0,-0.0,-44095833.33333333
2p3_L=1.0_S=1.0,1,1,3d3_L=2.0_S=1.0,2,1.0,1.0,2.0,-0.0,1.0,2.0,2.0,-0.0,102469456.88228272
2p3_L=1.0_S=1.0,1,1,3d3_L=2.0_S=1.0,2,1.0,1.0,2.0,-0.0,2.0,1.0,2.0,-0.0,-102469456.8822827
2p3_L=1.0_S=1.0,1,1,3d3_L=2.0_S=1.0,2,1.0,1.0,2.0,-0.0,2.0,2.0,2.0,-0.0,121243496.44929413
2p3_L=1.0_S=1.0,1,1,3d3_L=2.0_S=1.0,2,1.0,1.0,2.0,1.0,1.0,1.0,2.0,1.0,-44095833.33333333
2p3_L=1.0_S=1.0,1,1,3d3_L=2.0_S=1.0,2,1.0,1.0,2.0,1.0,1.0,2.0,2.0,1.0,102469456.88228272
2p3_L=1.0_S=1.0,1,1,3d3_L=2.0_S=1.0,2,1.0,1.0,2.0,1.0,2.0,1.0,2.0,1.0,-102469456.8822827
2p3_L=1.0_S=1.0,1,1,3d3_L=2.0_S=1.0,2,1.0,1.0,2.0,1.0,2.0,2.0,2.0,1.0,121243496.44929413
2p3_L=1.0_S=1.0,1,1,3d3_L=2.0_S=1.0,2,1.0,1.0,2.0,2.0,1.0,1.0,2.0,2.0,-44095833.33333333
2p3_L=1.0_S=1.0,1,1,3d3_L=2.0_S=1.0,2,1.0,1.0,2.0,2.0,1.0,2.0,2.0,2.0,102469456.88228272
2p3_L=1.0_S=1.0,1,1,3d3_L=2.0_S=1.0,2,1.0,1.0,2.0,2.0,2.0,1.0,2.0,2.0,-102469456.8822827
2p3_L=1.0_S=1.0,1,1,3d3_L=2.0_S=1.0,2,1.0,1.0,2.0,2.0,2.0,2.0,2.0,2.0,121243496.44929413
2p3_L=1.0_S=1.0,1,1,3d3_L=2.0_S=1.0,2,1.0,2.0,1.0,-1.0,1.0,1.0,1.0,-1.0,-11385495.209142527
2p3_L=1.0_S=1.0,1,1,3d3_L=2.0_S=1.0,2,1.0,2.0,1.0,-1.0,1.0,2.0,1.0,-1.0,59160768.51470068
2p3_L=1.0_S=1.0,1,1,3d3_L=2.0_S=1.0,2,1.0,2.0,1.0,-1.0,2.0,1.0,1.0,-1.0,3944051.2343133786
2p3_L=1.0_S=1.0,1,1,3d3_L=2.0_S=1.0,2,1.0,2.0,1.0,-1.0,2.0,2.0,1.0,-1.0,-45825734.24125358
2p3_L=1.0_S=1.0,1,1,3d3_L=2.0_S=1.0,2,1.0,2.0,1.0,-1.0,2.0,3.0,1.0,-1.0,216886959.91230088
2p3_L=1.0_S=1.0,1,1,3d3_L=2.0_S=1.0,2,1.0,2.0,1.0,-0.0,1.0,1.0,1.0,-0.0,-11385495.209142527
2p3_L=1.0_S=1.0,1,1,3d3_L=2.0_S=1.0,2,1.0,2.0,1.0,-0.0,1.0,2.0,1.0,-0.0,59160768.51470068
2p3_L=1.0_S=1.0,1,1,3d3_L=2.0_S=1.0,2,1.0,2.0,1.0,-0.0,2.0,1.0,1.0,-0.0,3944051.2343133786
2p3_L=1.0_S=1.0,1,1,3d3_L=2.0_S=1.0,2,1.0,2.0,1.0,-0.0,2.0,2.0,1.0,-0.0,-45825734.24125358
2p3_L=1.0_S=1.0,1,1,3d3_L=2.0_S=1.0,2,1.0,2.0,1.0,-0.0,2.0,3.0,1.0,-0.0,216886959.91230088
2p3_L=1.0_S=1.0,1,1,3d3_L=2.0_S=1.0,2,1.0,2.0,1.0,1.0,1.0,1.0,1.0,1.0,-11385495.209142527
2p3_L=1.0_S=1.0,1,1,3d3_L=2.0_S=1.0,2,1.0,2.0,1.0,1.0,1.0,2.0,1.0,1.0,59160768.51470068
2p3_L=1.0_S=1.0,1,1,3d3_L=2.0_S=1.0,2,1.0,2.0,1.0,1.0,2.0,1.0,1.0,1.0,3944051.2343133786
2p3_L=1.0_S=1.0,1,1,3d3_L=2.0_S=1.0,2,1.0,2.0,1.0,1.0,2.0,2.0,1.0,1.0,-45825734.24125358
2p3_L=1.0_S=1.0,1,1,3d3_L=2.0_S=1.0,2,1.0,2.0,1.0,1.0,2.0,3.0,1.0,1.0,216886959.91230088
2p3_L=1.0_S=1.0,1,1,3d3_L=2.0_S=1.0,2,1.0,2.0,2.0,-2.0,1.0,1.0,2.0,-2.0,-15275244.747084523
2p3_L=1.0_S=1.0,1,1,3d3_L=2.0_S=1.0,2,1.0,2.0,2.0,-2.0,1.0,2.0,2.0,-2.0,19720256.171566892
2p3_L=1.0_S=1.0,1,1,3d3_L=2.0_S=1.0,2,1.0,2.0,2.0,-2.0,1.0,3.0,2.0,-2.0,93333287.08332188
2p3_L=1.0_S=1.0,1,1,3d3_L=2.0_S=1.0,2,1.0,2.0,2.0,-2.0,2.0,1.0,2.0,-2.0,11832153.702940136
2p3_L=1.0_S=1.0,1,1,3d3_L=2.0_S=1.0,2,1.0,2.0,2.0,-2.0,2.0,2.0,2.0,-2.0,-69999965.3124914
2p3_L=1.0_S=1.0,1,1,3d3_L=2.0_S=1.0,2,1.0,2.0,2.0,-2.0,2.0,3.0,2.0,-2.0,177087461.21620244
2p3_L=1.0_S=1.0,1,1,3d3_L=2.0_S=1.0,2,1.0,2.0,2.0,-1.0,1.0,1.0,2.0,-1.0,-15275244.747084523
2p3_L=1.0_S=1.0,1,1,3d3_L=2.0_S=1.0,2,1.0,2.0,2.0,-1.0,1.0,2.0,2.0,-1.0,19720256.171566892
2p3_L=1.0_S=1.0,1,1,3d3_L=2.0_S=1.0,2,1.0,2.0,2.0,-1.0,1.0,3.0,2.0,-1.0,93333287.08332188
2p3_L=1.0_S=1.0,1,1,3d3_L=2.0_S=1.0,2,1.0,2.0,2.0,-1.0,2.0,1.0,2.0,-1.0,11832153.702940136
2p3_L=1.0_S=1.0,1,1,3d3_L=2.0_S=1.0,2,1.0,2.0,2.0,-1.0,2.0,2.0,2.0,-1.0,-69999965.3124914
2p3_L=1.0_S=1.0,1,1,3d3_L=2.0_S=1.0,2,1.0,2.0,2.0,-1.0,2.0,3.0,2.0,-1.0,177087461.21620244
2p3_L=1.0_S=1.0,1,1,3d3_L=2.0_S=1.0,2,1.0,2.0,2.0,-0.0,1.0,1.0,2.0,-0.0,-15275244.747084523
2p3_L=1.0_S=1.0,1,1,3d3_L=2.0_S=1.0,2,1.0,2.0,2.0,-0.0,1.0,2.0,2.0,-0.0,19720256.171566892
2p3_L=1.0_S=1.0,1,1,3d3_L=2.0_S=1.0,2,1.0,2.0,2.0,-0.0,1.0,3.0,2.0,-0.0,93333287.08332188
2p3_L=1.0_S=1.0,1,1,3d3_L=2.0_S=1.0,2,1.0,2.0,2.0,-0.0,2.0,1.0,2.0,-0.0,11832153.702940136
2p3_L=1.0_S=1.0,1,1,3d3_L=2.0_S=1.0,2,1.0,2.0,2.0,-0.0,2.0,2.0,2.0,-0.0,-69999965.3124914
2p3_L=1.0_S=1.0,1,1,3d3_L=2.0_S=1.0,2,1.0,2.0,2.0,-0.0,2.0,3.0,2.0,-0.0,177087461.21620244
2p3_L=1.0_S=1.0,1,1,3d3_L=2.0_S=1.0,2,1.0,2.0,2.0,1.0,1.0,1.0,2.0,1.0,-15275244.747084523
2p3_L=1.0_S=1.0,1,1,3d3_L=2.0_S=1.0,2,1.0,2.0,2.0,1.0,1.0,2.0,2.0,1.0,19720256.171566892
2p3_L=1.0_S=1.0,1,1,3d3_L=2.0_S=1.0,2,1.0,2.0,2.0,1.0,1.0,3.0,2.0,1.0,93333287.08332188
2p3_L=1.0_S=1.0,1,1,3d3_L=2.0_S=1.0,2,1.0,2.0,2.0,1.0,2.0,1.0,2.0,1.0,11832153.702940136
2p3_L=1.0_S=1.0,1,1,3d3_L=2.0_S=1.0,2,1.0,2.0,2.0,1.0,2.0,2.0,2.0,1.0,-69999965.3124914
2p3_L=1.0_S=1.0,1,1,3d3_L=2.0_S=1.0,2,1.0,2.0,2.0,1.0,2.0,3.0,2.0,1.0,177087461.21620244
2p3_L=1.0_S=1.0,1,1,3d3_L=2.0_S=1.0,2,1.0,2.0,2.0,2.0,1.0,1.0,2.0,2.0,-15275244.747084523
2p3_L=1.0_S=1.0,1,1,3d3_L=2.0_S=1.0,2,1.0,2.0,2.0,2.0,1.0,2.0,2.0,2.0,19720256.171566892
2p3_L=1.0_S=1.0,1,1,3d3_L=2.0_S=1.0,2,1.0,2.0,2.0,2.0,1.0,3.0,2.0,2.0,93333287.08332188
2p3_L=1.0_S=1.0,1,1,3d3_L=2.0_S=1.0,2,1.0,2.0,2.0,2.0,2.0,1.0,2.0,2.0,11832153.702940136
2p3_L=1.0_S=1.0,1,1,3d3_L=2.0_S=1.0,2,1.0,2.0,2.0,2.0,2.0,2.0,2.0,2.0,-69999965.3124914
2p3_L=1.0_S=1.0,1,1,3d3_L=2.0_S=1.0,2,1.0,2.0,2.0,2.0,2.0,3.0,2.0,2.0,177087461.21620244
2p3_L=1.0_S=1.0,1,1,3d3_L=2.0_S=1.0,2,1.0,2.0,3.0,-3.0,1.0,2.0,3.0,-3.0,-39440512.34313379
2p3_L=1.0_S=1.0,1,1,3d3_L=2.0_S=1.0,2,1.0,2.0,3.0,-3.0,1.0,3.0,3.0,-3.0,111554614.92520653
2p3_L=1.0_S=1.0,1,1,3d3_L=2.0_S=1.0,2,1.0,2.0,3.0,-3.0,2.0,1.0,3.0,-3.0,23664307.405880272
2p3_L=1.0_S=1.0,1,1,3d3_L=2.0_S=1.0,2,1.0,2.0,3.0,-3.0,2.0,2.0,3.0,-3.0,-74833110.65297233
2p3_L=1.0_S=1.0,1,1,3d3_L=2.0_S=1.0,2,1.0,2.0,3.0,-3.0,2.0,3.0,3.0,-3.0,115930956.52154346
2p3_L=1.0_S=1.0,1,1,3d3_L=2.0_S=1.0,2,1.0,2.0,3.0,-2.0,1.0,2.0,3.0,-2.0,-39440512.34313379
2p3_L=1.0_S=1.0,1,1,3d3_L=2.0_S=1.0,2,1.0,2.0,3.0,-2.0,1.0,3.0,3.0,-2.0,111554614.92520653
2p3_L=1.0_S=1.0,1,1,3d3_L=2.0_S=1.0,2,1.0,2.0,3.0,-2.0,2.0,1.0,3.0,-2.0,23664307.405880272
2p3_L=1.0_S=1.0,1,1,3d3_L=2.0_S=1.0,2,1.0,2.0,3.0,-2.0,2.0,2.0,3.0,-2.0,-74833110.65297233
2p3_L=1.0_S=1.0,1,1,3d3_L=2.0_S=1.0,2,1.0,2.0,3.0,-2.0,2.0,3.0,3.0,-2.0,115930956.52154346
2p3_L=1.0_S=1.0,1,1,3d3_L=2.0_S=1.0,2,1.0,2.0,3.0,-1.0,1.0,2.0,3.0,-1.0,-39440512.34313379
2p3_L=1.0_S=1.0,1,1,3d3_L=2.0_S=1.0,2,1.0,2.0,3.0,-1.0,1.0,3.0,3.0,-1.0,111554614.92520653
2p3_L=1.0_S=1.0,1,1,3d3_L=2.0_S=1.0,2,1.0,2.0,3.0,-1.0,2.0,1.0,3.0,-1.0,23664307.405880272
2p3_L=1.0_S=1.0,1,1,3d3_L=2.0_S=1.0,2,1.0,2.0,3.0,-1.0,2.0,2.0,3.0,-1.0,-74833110.65297233
2p3_L=1.0_S=1.0,1,1,3d3_L=2.0_S=1.0,2,1.0,2.0,3.0,-1.0,2.0,3.0,3.0,-1.0,115930956.52154346
2p3_L=1.0_S=1.0,1,1,3d3_L=2.0_S=1.0,2,1.0,2.0,3.0,-0.0,1.0,2.0,3.0,-0.0,-39440512.34313379
2p3_L=1.0_S=1.0,1,1,3d3_L=2.0_S=1.0,2,1.0,2.0,3.0,-0.0,1.0,3.0,3.0,-0.0,111554614.92520653
2p3_L=1.0_S=1.0,1,1,3d3_L=2.0_S=1.0,2,1.0,2.0,3.0,-0.0,2.0,1.0,3.0,-0.0,23664307.405880272
2p3_L=1.0_S=1.0,1,1,3d3_L=2.0_S=1.0,2,1.0,2.0,3.0,-0.0,2.0,2.0,3.0,-0.0,-74833110.65297233
2p3_L=1.0_S=1.0,1,1,3d3_L=2.0_S=1.0,2,1.0,2.0,3.0,-0.0,2.0,3.0,3.0,-0.0,115930956.52154346
2p3_L=1.0_S=1.0,1,1,3d3_L=2.0_S=1.0,2,1.0,2.0,3.0,1.0,1.0,2.0,3.0,1.0,-39440512.34313379
2p3_L=1.0_S=1.0,1,1,3d3_L=2.0_S=1.0,2,1.0,2.0,3.0,1.0,1.0,3.0,3.0,1.0,111554614.92520653
2p3_L=1.0_S=1.0,1,1,3d3_L=2.0_S=1.0,2,1.0,2.0,3.0,1.0,2.0,1.0,3.0,1.0,23664307.405880272
2p3_L=1.0_S=1.0,1,1,3d3_L=2.0_S=1.0,2,1.0,2.0,3.0,1.0,2.0,2.0,3.0,1.0,-74833110.65297233
2p3_L=1.0_S=1.0,1,1,3d3_L=2.0_S=1.0,2,1.0,2.0,3.0,1.0,2.0,3.0,3.0,1.0,115930956.52154346
2p3_L=1.0_S=1.0,1,1,3d3_L=2.0_S=1.0,2,1.0,2.0,3.0,2.0,1.0,2.0,3.0,2.0,-39440512.34313379
2p3_L=1.0_S=1.0,1,1,3d3_L=2.0_S=1.0,2,1.0,2.0,3.0,2.0,1.0,3.0,3.0,2.0,111554614.92520653
2p3_L=1.0_S=1.0,1,1,3d3_L=2.0_S=1.0,2,1.0,2.0,3.0,2.0,2.0,1.0,3.0,2.0,23664307.405880272
2p3_L=1.0_S=1.0,1,1,3d3_L=2.0_S=1.0,2,1.0,2.0,3.0,2.0,2.0,2.0,3.0,2.0,-74833110.65297233
2p3_L=1.0_S=1.0,1,1,3d3_L=2.0_S=1.0,2,1.0,2.0,3.0,2.0,2.0,3.0,3.0,2.0,115930956.52154346
2p3_L=1.0_S=1.0,1,1,3d3_L=2.0_S=1.0,2,1.0,2.0,3.0,3.0,1.0,2.0,3.0,3.0,-39440512.34313379
2p3_L=1.0_S=1.0,1,1,3d3_L=2.0_S=1.0,2,1.0,2.0,3.0,3.0,1.0,3.0,3.0,3.0,111554614.92520653
2p3_L=1.0_S=1.0,1,1,3d3_L=2.0_S=1.0,2,1.0,2.0,3.0,3.0,2.0,1.0,3.0,3.0,23664307.405880272
2p3_L=1.0_S=1.0,1,1,3d3_L=2.0_S=1.0,2,1.0,2.0,3.0,3.0,2.0,2.0,3.0,3.0,-74833110.65297233
2p3_L=1.0_S=1.0,1,1,3d3_L=2.0_S=1.0,2,1.0,2.0,3.0,3.0,2.0,3.0,3.0,3.0,115930956.52154346
2p3_L=1.0_S=1.0,1,1,3d3_L=2.0_S=1.0,2,2.0,0.0,2.0,-2.0,1.0,1.0,2.0,-2.0,20366992.996112697
2p3_L=1.0_S=1.0,1,1,3d3_L=2.0_S=1.0,2,2.0,0.0,2.0,-2.0,2.0,1.0,2.0,-2.0,78881024.68626758
2p3_L=1.0_S=1.0,1,1,3d3_L=2.0_S=1.0,2,2.0,0.0,2.0,-2.0,3.0,1.0,2.0,-2.0,186666574.16664374
2p3_L=1.0_S=1.0,1,1,3d3_L=2.0_S=1.0,2,2.0,0.0,2.0,-1.0,1.0,1.0,2.0,-1.0,20366992.996112697
2p3_L=1.0_S=1.0,1,1,3d3_L=2.0_S=1.0,2,2.0,0.0,2.0,-1.0,2.0,1.0,2.0,-1.0,78881024.68626758
2p3_L=1.0_S=1.0,1,1,3d3_L=2.0_S=1.0,2,2.0,0.0,2.0,-1.0,3.0,1.0,2.0,-1.0,186666574.16664374
2p3_L=1.0_S=1.0,1,1,3d3_L=2.0_S=1.0,2,2.0,0.0,2.0,-0.0,1.0,1.0,2.0,-0.0,20366992.996112697
2p3_L=1.0_S=1.0,1,1,3d3_L=2.0_S=1.0,2,2.0,0.0,2.0,-0.0,2.0,1.0,2.0,-0.0,78881024.68626758
2p3_L=1.0_S=1.0,1,1,3d3_L=2.0_S=1.0,2,2.0,0.0,2.0,-0.0,3.0,1.0,2.0,-0.0,186666574.16664374
2p3_L=1.0_S=1.0,1,1,3d3_L=2.0_S=1.0,2,2.0,0.0,2.0,1.0,1.0,1.0,2.0,1.0,20366992.996112697
2p3_L=1.0_S=1.0,1,1,3d3_L=2.0_S=1.0,2,2.0,0.0,2.0,1.0,2.0,1.0,2.0,1.0,78881024.68626758
2p3_L=1.0_S=1.0,1,1,3d3_L=2.0_S=1.0,2,2.0,0.0,2.0,1.0,3.0,1.0,2.0,1.0,186666574.16664374
2p3_L=1.0_S=1.0,1,1,3d3_L=2.0_S=1.0,2,2.0,0.0,2.0,2.0,1.0,1.0,2.0,2.0,20366992.996112697
2p3_L=1.0_S=1.0,1,1,3d3_L=2.0_S=1.0,2,2.0,0.0,2.0,2.0,2.0,1.0,2.0,2.0,78881024.68626758
2p3_L=1.0_S=1.0,1,1,3d3_L=2.0_S=1.0,2,2.0,0.0,2.0,2.0,3.0,1.0,2.0,2.0,186666574.16664374
2p3_L=1.0_S=1.0,1,1,3d3_L=2.0_S=1.0,2,2.0,1.0,1.0,-1.0,1.0,1.0,1.0,-1.0,11385495.209142525
2p3_L=1.0_S=1.0,1,1,3d3_L=2.0_S=1.0,2,2.0,1.0,1.0,-1.0,1.0,2.0,1.0,-1.0,3944051.2343133786
2p3_L=1.0_S=1.0,1,1,3d3_L=2.0_S=1.0,2,2.0,1.0,1.0,-1.0,2.0,1.0,1.0,-1.0,59160768.51470069
2p3_L=1.0_S=1.0,1,1,3d3_L=2.0_S=1.0,2,2.0,1.0,1.0,-1.0,2.0,2.0,1.0,-1.0,45825734.24125357
2p3_L=1.0_S=1.0,1,1,3d3_L=2.0_S=1.0,2,2.0,1.0,1.0,-1.0,3.0,2.0,1.0,-1.0,216886959.91230088
2p3_L=1.0_S=1.0,1,1,3d3_L=2.0_S=1.0,2,2.0,1.0,1.0,-0.0,1.0,1.0,1.0,-0.0,11385495.209142525
2p3_L=1.0_S=1.0,1,1,3d3_L=2.0_S=1.0,2,2.0,1.0,1.0,-0.0,1.0,2.0,1.0,-0.0,3944051.2343133786
2p3_L=1.0_S=1.0,1,1,3d3_L=2.0_S=1.0,2,2.0,1.0,1.0,-0.0,2.0,1.0,1.0,-0.0,59160768.51470069
2p3_L=1.0_S=1.0,1,1,3d3_L=2.0_S=1.0,2,2.0,1.0,1.0,-0.0,2.0,2.0,1.0,-0.0,45825734.24125357
2p3_L=1.0_S=1.0,1,1,3d3_L=2.0_S=1.0,2,2.0,1.0,1.0,-0.0,3.0,2.0,1.0,-0.0,216886959.91230088
2p3_L=1.0_S=1.0,1,1,3d3_L=2.0_S=1.0,2,2.0,1.0,1.0,1.0,1.0,1.0,1.0,1.0,11385495.209142525
2p3_L=1.0_S=1.0,1,1,3d3_L=2.0_S=1.0,2,2.0,1.0,1.0,1.0,1.0,2.0,1.0,1.0,3944051.2343133786
2p3_L=1.0_S=1.0,1,1,3d3_L=2.0_S=1.0,2,2.0,1.0,1.0,1.0,2.0,1.0,1.0,1.0,59160768.51470069
2p3_L=1.0_S=1.0,1,1,3d3_L=2.0_S=1.0,2,2.0,1.0,1.0,1.0,2.0,2.0,1.0,1.0,45825734.24125357
2p3_L=1.0_S=1.0,1,1,3d3_L=2.0_S=1.0,2,2.0,1.0,1.0,1.0,3.0,2.0,1.0,1.0,216886959.91230088
2p3_L=1.0_S=1.0,1,1,3d3_L=2.0_S=1.0,2,2.0,1.0,2.0,-2.0,1.0,1.0,2.0,-2.0,15275244.747084523
2p3_L=1.0_S=1.0,1,1,3d3_L=2.0_S=1.0,2,2.0,1.0,2.0,-2.0,1.0,2.0,2.0,-2.0,11832153.702940136
2p3_L=1.0_S=1.0,1,1,3d3_L=2.0_S=1.0,2,2.0,1.0,2.0,-2.0,2.0,1.0,2.0,-2.0,19720256.171566896
2p3_L=1.0_S=1.0,1,1,3d3_L=2.0_S=1.0,2,2.0,1.0,2.0,-2.0,2.0,2.0,2.0,-2.0,69999965.31249142
2p3_L=1.0_S=1.0,1,1,3d3_L=2.0_S=1.0,2,2.0,1.0,2.0,-2.0,3.0,1.0,2.0,-2.0,-93333287.08332188
2p3_L=1.0_S=1.0,1,1,3d3_L=2.0_S=1.0,2,2.0,1.0,2.0,-2.0,3.0,2.0,2.0,-2.0,177087461.2162024
2p3_L=1.0_S=1.0,1,1,3d3_L=2.0_S=1.0,2,2.0,1.0,2.0,-1.0,1.0,1.0,2.0,-1.0,15275244.747084523
2p3_L=1.0_S=1.0,1,1,3d3_L=2.0_S=1.0,2,2.0,1.0,2.0,-1.0,1.0,2.0,2.0,-1.0,11832153.702940136
2p3_L=1.0_S=1.0,1,1,3d3_L=2.0_S=1.0,2,2.0,1.0,2.0,-1.0,2.0,1.0,2.0,-1.0,19720256.171566896
2p3_L=1.0_S=1.0,1,1,3d3_L=2.0_S=1.0,2,2.0,1.0,2.0,-1.0,2.0,2.0,2.0,-1.0,69999965.31249142
2p3_L=1.0_S=1.0,1,1,3d3_L=2.0_S=1.0,2,2.0,1.0,2.0,-1.0,3.0,1.0,2.0,-1.0,-93333287.08332188
2p3_L=1.0_S=1.0,1,1,3d3_L=2.0_S=1.0,2,2.0,1.0,2.0,-1.0,3.0,2.0,2.0,-1.0,177087461.2162024
2p3_L=1.0_S=1.0,1,1,3d3_L=2.0_S=1.0,2,2.0,1.0,2.0,-0.0,1.0,1.0,2.0,-0.0,15275244.747084523
2p3_L=1.0_S=1.0,1,1,3d3_L=2.0_S=1.0,2,2.0,1.0,2.0,-0.0,1.0,2.0,2.0,-0.0,11832153.702940136
2p3_L=1.0_S=1.0,1,1,3d3_L=2.0_S=1.0,2,2.0,1.0,2.0,-0.0,2.0,1.0,2.0,-0.0,19720256.171566896
2p3_L=1.0_S=1.0,1,1,3d3_L=2.0_S=1.0,2,2.0,1.0,2.0,-0.0,2.0,2.0,2.0,-0.0,69999965.31249142
2p3_L=1.0_S=1.0,1,1,3d3_L=2.0_S=1.0,2,2.0,1.0,2.0,-0.0,3.0,1.0,2.0,-0.0,-93333287.08332188
2p3_L=1.0_S=1.0,1,1,3d3_L=2.0_S=1.0,2,2.0,1.0,2.0,-0.0,3.0,2.0,2.0,-0.0,177087461.2162024
2p3_L=1.0_S=1.0,1,1,3d3_L=2.0_S=1.0,2,2.0,1.0,2.0,1.0,1.0,1.0,2.0,1.0,15275244.747084523
2p3_L=1.0_S=1.0,1,1,3d3_L=2.0_S=1.0,2,2.0,1.0,2.0,1.0,1.0,2.0,2.0,1.0,11832153.702940136
2p3_L=1.0_S=1.0,1,1,3d3_L=2.0_S=1.0,2,2.0,1.0,2.0,1.0,2.0,1.0,2.0,1.0,19720256.171566896
2p3_L=1.0_S=1.0,1,1,3d3_L=2.0_S=1.0,2,2.0,1.0,2.0,1.0,2.0,2.0,2.0,1.0,69999965.31249142
2p3_L=1.0_S=1.0,1,1,3d3_L=2.0_S=1.0,2,2.0,1.0,2.0,1.0,3.0,1.0,2.0,1.0,-93333287.08332188
2p3_L=1.0_S=1.0,1,1,3d3_L=2.0_S=1.0,2,2.0,1.0,2.0,1.0,3.0,2.0,2.0,1.0,177087461.2162024
2p3_L=1.0_S=1.0,1,1,3d3_L=2.0_S=1.0,2,2.0,1.0,2.0,2.0,1.0,1.0,2.0,2.0,15275244.747084523
2p3_L=1.0_S=1.0,1,1,3d3_L=2.0_S=1.0,2,2.0,1.0,2.0,2.0,1.0,2.0,2.0,2.0,11832153.702940136
2p3_L=1.0_S=1.0,1,1,3d3_L=2.0_S=1.0,2,2.0,1.0,2.0,2.0,2.0,1.0,2.0,2.0,19720256.171566896
2p3_L=1.0_S=1.0,1,1,3d3_L=2.0_S=1.0,2,2.0,1.0,2.0,2.0,2.0,2.0,2.0,2.0,69999965.31249142
2p3_L=1.0_S=1.0,1,1,3d3_L=2.0_S=1.0,2,2.0,1.0,2.0,2.0,3.0,1.0,2.0,2.0,-93333287.08332188
2p3_L=1.0_S=1.0,1,1,3d3_L=2.0_S=1.0,2,2.0,1.0,2.0,2.0,3.0,2.0,2.0,2.0,177087461.2162024
2p3_L=1.0_S=1.0,1,1,3d3_L=2.0_S=1.0,2,2.0,1.0,3.0,-3.0,1.0,2.0,3.0,-3.0,23664307.405880272
2p3_L=1.0_S=1.0,1,1,3d3_L=2.0_S=1.0,2,2.0,1.0,3.0,-3.0,2.0,1.0,3.0,-3.0,-39440512.34313379
2p3_L=1.0_S=1.0,1,1,3d3_L=2.0_S=1.0,2,2.0,1.0,3.0,-3.0,2.0,2.0,3.0,-3.0,74833110.65297233
2p3_L=1.0_S=1.0,1,1,3d3_L=2.0_S=1.0,2,2.0,1.0,3.0,-3.0,3.0,1.0,3.0,-3.0,-111554614.92520656
2p3_L=1.0_S=1.0,1,1,3d3_L=2.0_S=1.0,2,2.0,1.0,3.0,-3.0,3.0,2.0,3.0,-3.0,115930956.52154347
2p3_L=1.0_S=1.0,1,1,3d3_L=2.0_S=1.0,2,2.0,1.0,3.0,-2.0,1.0,2.0,3.0,-2.0,23664307.405880272
2p3_L=1.0_S=1.0,1,1,3d3_L=2.0_S=1.0,2,2.0,1.0,3.0,-2.0,2.0,1.0,3.0,-2.0,-39440512.34313379
2p3_L=1.0_S=1.0,1,1,3d3_L=2.0_S=1.0,2,2.0,1.0,3.0,-2.0,2.0,2.0,3.0,-2.0,74833110.65297233
2p3_L=1.0_S=1.0,1,1,3d3_L=2.0_S=1.0,2,2.0,1.0,3.0,-2.0,3.0,1.0,3.0,-2.0,-111554614.92520656
2p3_L=1.0_S=1.0,1,1,3d3_L=2.0_S=1.0,2,2.0,1.0,3.0,-2.0,3.0,2.0,3.0,-2.0,115930956.52154347
2p3_L=1.0_S=1.0,1,1,3d3_L=2.0_S=1.0,2,2.0,1.0,3.0,-1.0,1.0,2.0,3.0,-1.0,23664307.405880272
2p3_L=1.0_S=1.0,1,1,3d3_L=2.0_S=1.0,2,2.0,1.0,3.0,-1.0,2.0,1.0,3.0,-1.0,-39440512.34313379
2p3_L=1.0_S=1.0,1,1,3d3_L=2.0_S=1.0,2,2.0,1.0,3.0,-1.0,2.0,2.0,3.0,-1.0,74833110.65297233
2p3_L=1.0_S=1.0,1,1,3d3_L=2.0_S=1.0,2,2.0,1.0,3.0,-1.0,3.0,1.0,3.0,-1.0,-111554614.92520656
2p3_L=1.0_S=1.0,1,1,3d3_L=2.0_S=1.0,2,2.0,1.0,3.0,-1.0,3.0,2.0,3.0,-1.0,115930956.52154347
2p3_L=1.0_S=1.0,1,1,3d3_L=2.0_S=1.0,2,2.0,1.0,3.0,-0.0,1.0,2.0,3.0,-0.0,23664307.405880272
2p3_L=1.0_S=1.0,1,1,3d3_L=2.0_S=1.0,2,2.0,1.0,3.0,-0.0,2.0,1.0,3.0,-0.0,-39440512.34313379
2p3_L=1.0_S=1.0,1,1,3d3_L=2.0_S=1.0,2,2.0,1.0,3.0,-0.0,2.0,2.0,3.0,-0.0,74833110.65297233
2p3_L=1.0_S=1.0,1,1,3d3_L=2.0_S=1.0,2,2.0,1.0,3.0,-0.0,3.0,1.0,3.0,-0.0,-111554614.92520656
2p3_L=1.0_S=1.0,1,1,3d3_L=2.0_S=1.0,2,2.0,1.0,3.0,-0.0,3.0,2.0,3.0,-0.0,115930956.52154347
2p3_L=1.0_S=1.0,1,1,3d3_L=2.0_S=1.0,2,2.0,1.0,3.0,1.0,1.0,2.0,3.0,1.0,23664307.405880272
2p3_L=1.0_S=1.0,1,1,3d3_L=2.0_S=1.0,2,2.0,1.0,3.0,1.0,2.0,1.0,3.0,1.0,-39440512.34313379
2p3_L=1.0_S=1.0,1,1,3d3_L=2.0_S=1.0,2,2.0,1.0,3.0,1.0,2.0,2.0,3.0,1.0,74833110.65297233
2p3_L=1.0_S=1.0,1,1,3d3_L=2.0_S=1.0,2,2.0,1.0,3.0,1.0,3.0,1.0,3.0,1.0,-111554614.92520656
2p3_L=1.0_S=1.0,1,1,3d3_L=2.0_S=1.0,2,2.0,1.0,3.0,1.0,3.0,2.0,3.0,1.0,115930956.52154347
2p3_L=1.0_S=1.0,1,1,3d3_L=2.0_S=1.0,2,2.0,1.0,3.0,2.0,1.0,2.0,3.0,2.0,23664307.405880272
2p3_L=1.0_S=1.0,1,1,3d3_L=2.0_S=1.0,2,2.0,1.0,3.0,2.0,2.0,1.0,3.0,2.0,-39440512.34313379
2p3_L=1.0_S=1.0,1,1,3d3_L=2.0_S=1.0,2,2.0,1.0,3.0,2.0,2.0,2.0,3.0,2.0,74833110.65297233
2p3_L=1.0_S=1.0,1,1,3d3_L=2.0_S=1.0,2,2.0,1.0,3.0,2.0,3.0,1.0,3.0,2.0,-111554614.92520656
2p3_L=1.0_S=1.0,1,1,3d3_L=2.0_S=1.0,2,2.0,1.0,3.0,2.0,3.0,2.0,3.0,2.0,115930956.52154347
2p3_L=1.0_S=1.0,1,1,3d3_L=2.0_S=1.0,2,2.0,1.0,3.0,3.0,1.0,2.0,3.0,3.0,23664307.405880272
2p3_L=1.0_S=1.0,1,1,3d3_L=2.0_S=1.0,2,2.0,1.0,3.0,3.0,2.0,1.0,3.0,3.0,-39440512.34313379
2p3_L=1.0_S=1.0,1,1,3d3_L=2.0_S=1.0,2,2.0,1.0,3.0,3.0,2.0,2.0,3.0,3.0,74833110.65297233
2p3_L=1.0_S=1.0,1,1,3d3_L=2.0_S=1.0,2,2.0,1.0,3.0,3.0,3.0,1.0,3.0,3.0,-111554614.92520656
2p3_L=1.0_S=1.0,1,1,3d3_L=2.0_S=1.0,2,2.0,1.0,3.0,3.0,3.0,2.0,3.0,3.0,115930956.52154347
2p3_L=1.0_S=1.0,1,1,3d3_L=2.0_S=1.0,2,2.0,2.0,0.0,-0.0,1.0,1.0,0.0,-0.0,4554198.0836570095
2p3_L=1.0_S=1.0,1,1,3d3_L=2.0_S=1.0,2,2.0,2.0,0.0,-0.0,2.0,2.0,0.0,-0.0,52915000.0
2p3_L=1.0_S=1.0,1,1,3d3_L=2.0_S=1.0,2,2.0,2.0,0.0,-0.0,3.0,3.0,0.0,-0.0,250439489.37817302
2p3_L=1.0_S=1.0,1,1,3d3_L=2.0_S=1.0,2,2.0,2.0,1.0,-1.0,1.0,1.0,1.0,-1.0,3944051.2343133786
2p3_L=1.0_S=1.0,1,1,3d3_L=2.0_S=1.0,2,2.0,2.0,1.0,-1.0,1.0,2.0,1.0,-1.0,6831297.125485516
2p3_L=1.0_S=1.0,1,1,3d3_L=2.0_S=1.0,2,2.0,2.0,1.0,-1.0,2.0,1.0,1.0,-1.0,-6831297.125485515
2p3_L=1.0_S=1.0,1,1,3d3_L=2.0_S=1.0,2,2.0,2.0,1.0,-1.0,2.0,2.0,1.0,-1.0,44095833.333333336
2p3_L=1.0_S=1.0,1,1,3d3_L=2.0_S=1.0,2,2.0,2.0,1.0,-1.0,2.0,3.0,1.0,-1.0,41739914.89636216
2p3_L=1.0_S=1.0,1,1,3d3_L=2.0_S=1.0,2,2.0,2.0,1.0,-1.0,3.0,2.0,1.0,-1.0,-41739914.89636216
2p3_L=1.0_S=1.0,1,1,3d3_L=2.0_S=1.0,2,2.0,2.0,1.0,-1.0,3.0,3.0,1.0,-1.0,236116614.95493656
2p3_L=1.0_S=1.0,1,1,3d3_L=2.0_S=1.0,2,2.0,2.0,1.0,-0.0,1.0,1.0,1.0,-0.0,3944051.2343133786
2p3_L=1.0_S=1.0,1,1,3d3_L=2.0_S=1.0,2,2.0,2.0,1.0,-0.0,1.0,2.0,1.0,-0.0,6831297.125485516
2p3_L=1.0_S=1.0,1,1,3d3_L=2.0_S=1.0,2,2.0,2.0,1.0,-0.0,2.0,1.0,1.0,-0.0,-6831297.125485515
2p3_L=1.0_S=1.0,1,1,3d3_L=2.0_S=1.0,2,2.0,2.0,1.0,-0.0,2.0,2.0,1.0,-0.0,44095833.333333336
2p3_L=1.0_S=1.0,1,1,3d3_L=2.0_S=1.0,2,2.0,2.0,1.0,-0.0,2.0,3.0,1.0,-0.0,41739914.89636216
2p3_L=1.0_S=1.0,1,1,3d3_L=2.0_S=1.0,2,2.0,2.0,1.0,-0.0,3.0,2.0,1.0,-0.0,-41739914.89636216
2p3_L=1.0_S=1.0,1,1,3d3_L=2.0_S=1.0,2,2.0,2.0,1.0,-0.0,3.0,3.0,1.0,-0.0,236116614.95493656
2p3_L=1.0_S=1.0,1,1,3d3_L=2.0_S=1.0,2,2.0,2.0,1.0,1.0,1.0,1.0,1.0,1.0,3944051.2343133786
2p3_L=1.0_S=1.0,1,1,3d3_L=2.0_S=1.0,2,2.0,2.0,1.0,1.0,1.0,2.0,1.0,1.0,6831297.125485516
2p3_L=1.0_S=1.0,1,1,3d3_L=2.0_S=1.0,2,2.0,2.0,1.0,1.0,2.0,1.0,1.0,1.0,-6831297.125485515
2p3_L=1.0_S=1.0,1,1,3d3_L=2.0_S=1.0,2,2.0,2.0,1.0,1.0,2.0,2.0,1.0,1.0,44095833.333333336
2p3_L=1.0_S=1.0,1,1,3d3_L=2.0_S=1.0,2,2.0,2.0,1.0,1.0,2.0,3.0,1.0,1.0,41739914.89636216
2p3_L=1.0_S=1.0,1,1,3d3_L=2.0_S=1.0,2,2.0,2.0,1.0,1.0,3.0,2.0,1.0,1.0,-41739914.89636216
2p3_L=1.0_S=1.0,1,1,3d3_L=2.0_S=1.0,2,2.0,2.0,1.0,1.0,3.0,3.0,1.0,1.0,236116614.95493656
2p3_L=1.0_S=1.0,1,1,3d3_L=2.0_S=1.0,2,2.0,2.0,2.0,-2.0,1.0,1.0,2.0,-2.0,2694299.9210954253
2p3_L=1.0_S=1.0,1,1,3d3_L=2.0_S=1.0,2,2.0,2.0,2.0,-2.0,1.0,2.0,2.0,-2.0,10434978.724090539
2p3_L=1.0_S=1.0,1,1,3d3_L=2.0_S=1.0,2,2.0,2.0,2.0,-2.0,1.0,3.0,2.0,-2.0,7055333.333333333
2p3_L=1.0_S=1.0,1,1,3d3_L=2.0_S=1.0,2,2.0,2.0,2.0,-2.0,2.0,1.0,2.0,-2.0,-10434978.72409054
2p3_L=1.0_S=1.0,1,1,3d3_L=2.0_S=1.0,2,2.0,2.0,2.0,-2.0,2.0,2.0,2.0,-2.0,26457500.0
2p3_L=1.0_S=1.0,1,1,3d3_L=2.0_S=1.0,2,2.0,2.0,2.0,-2.0,2.0,3.0,2.0,-2.0,66932768.955123916
2p3_L=1.0_S=1.0,1,1,3d3_L=2.0_S=1.0,2,2.0,2.0,2.0,-2.0,3.0,1.0,2.0,-2.0,7055333.333333333
2p3_L=1.0_S=1.0,1,1,3d3_L=2.0_S=1.0,2,2.0,2.0,2.0,-2.0,3.0,2.0,2.0,-2.0,-66932768.955123916
2p3_L=1.0_S=1.0,1,1,3d3_L=2.0_S=1.0,2,2.0,2.0,2.0,-2.0,3.0,3.0,2.0,-2.0,207383599.58299506
2p3_L=1.0_S=1.0,1,1,3d3_L=2.0_S=1.0,2,2.0,2.0,2.0,-1.0,1.0,1.0,2.0,-1.0,2694299.9210954253
2p3_L=1.0_S=1.0,1,1,3d3_L=2.0_S=1.0,2,2.0,2.0,2.0,-1.0,1.0,2.0,2.0,-1.0,10434978.724090539
2p3_L=1.0_S=1.0,1,1,3d3_L=2.0_S=1.0,2,2.0,2.0,2.0,-1.0,1.0,3.0,2.0,-1.0,7055333.333333333
2p3_L=1.0_S=1.0,1,1,3d3_L=2.0_S=1.0,2,2.0,2.0,2.0,-1.0,2.0,1.0,2.0,-1.0,-10434978.72409054
2p3_L=1.0_S=1.0,1,1,3d3_L=2.0_S=1.0,2,2.0,2.0,2.0,-1.0,2.0,2.0,2.0,-1.0,26457500.0
2p3_L=1.0_S=1.0,1,1,3d3_L=2.0_S=1.0,2,2.0,2.0,2.0,-1.0,2.0,3.0,2.0,-1.0,66932768.955123916
2p3_L=1.0_S=1.0,1,1,3d3_L=2.0_S=1.0,2,2.0,2.0,2.0,-1.0,3.0,1.0,2.0,-1.0,7055333.333333333
2p3_L=1.0_S=1.0,1,1,3d3_L=2.0_S=1.0,2,2.0,2.0,2.0,-1.0,3.0,2.0,2.0,-1.0,-66932768.955123916
2p3_L=1.0_S=1.0,1,1,3d3_L=2.0_S=1.0,2,2.0,2.0,2.0,-1.0,3.0,3.0,2.0,-1.0,207383599.58299506
2p3_L=1.0_S=1.0,1,1,3d3_L=2.0_S=1.0,2,2.0,2.0,2.0,-0.0,1.0,1.0,2.0,-0.0,2694299.9210954253
2p3_L=1.0_S=1.0,1,1,3d3_L=2.0_S=1.0,2,2.0,2.0,2.0,-0.0,1.0,2.0,2.0,-0.0,10434978.724090539
2p3_L=1.0_S=1.0,1,1,3d3_L=2.0_S=1.0,2,2.0,2.0,2.0,-0.0,1.0,3.0,2.0,-0.0,7055333.333333333
2p3_L=1.0_S=1.0,1,1,3d3_L=2.0_S=1.0,2,2.0,2.0,2.0,-0.0,2.0,1.0,2.0,-0.0,-10434978.72409054
2p3_L=1.0_S=1.0,1,1,3d3_L=2.0_S=1.0,2,2.0,2.0,2.0,-0.0,2.0,2.0,2.0,-0.0,26457500.0
2p3_L=1.0_S=1.0,1,1,3d3_L=2.0_S=1.0,2,2.0,2.0,2.0,-0.0,2.0,3.0,2.0,-0.0,66932768.955123916
2p3_L=1.0_S=1.0,1,1,3d3_L=2.0_S=1.0,2,2.0,2.0,2.0,-0.0,3.0,1.0,2.0,-0.0,7055333.333333333
2p3_L=1.0_S=1.0,1,1,3d3_L=2.0_S=1.0,2,2.0,2.0,2.0,-0.0,3.0,2.0,2.0,-0.0,-66932768.955123916
2p3_L=1.0_S=1.0,1,1,3d3_L=2.0_S=1.0,2,2.0,2.0,2.0,-0.0,3.0,3.0,2.0,-0.0,207383599.58299506
2p3_L=1.0_S=1.0,1,1,3d3_L=2.0_S=1.0,2,2.0,2.0,2.0,1.0,1.0,1.0,2.0,1.0,2694299.9210954253
2p3_L=1.0_S=1.0,1,1,3d3_L=2.0_S=1.0,2,2.0,2.0,2.0,1.0,1.0,2.0,2.0,1.0,10434978.724090539
2p3_L=1.0_S=1.0,1,1,3d3_L=2.0_S=1.0,2,2.0,2.0,2.0,1.0,1.0,3.0,2.0,1.0,7055333.333333333
2p3_L=1.0_S=1.0,1,1,3d3_L=2.0_S=1.0,2,2.0,2.0,2.0,1.0,2.0,1.0,2.0,1.0,-10434978.72409054
2p3_L=1.0_S=1.0,1,1,3d3_L=2.0_S=1.0,2,2.0,2.0,2.0,1.0,2.0,2.0,2.0,1.0,26457500.0
2p3_L=1.0_S=1.0,1,1,3d3_L=2.0_S=1.0,2,2.0,2.0,2.0,1.0,2.0,3.0,2.0,1.0,66932768.955123916
2p3_L=1.0_S=1.0,1,1,3d3_L=2.0_S=1.0,2,2.0,2.0,2.0,1.0,3.0,1.0,2.0,1.0,7055333.333333333
2p3_L=1.0_S=1.0,1,1,3d3_L=2.0_S=1.0,2,2.0,2.0,2.0,1.0,3.0,2.0,2.0,1.0,-66932768.955123916
2p3_L=1.0_S=1.0,1,1,3d3_L=2.0_S=1.0,2,2.0,2.0,2.0,1.0,3.0,3.0,2.0,1.0,207383599.58299506
2p3_L=1.0_S=1.0,1,1,3d3_L=2.0_S=1.0,2,2.0,2.0,2.0,2.0,1.0,1.0,2.0,2.0,2694299.9210954253
2p3_L=1.0_S=1.0,1,1,3d3_L=2.0_S=1.0,2,2.0,2.0,2.0,2.0,1.0,2.0,2.0,2.0,10434978.724090539
2p3_L=1.0_S=1.0,1,1,3d3_L=2.0_S=1.0,2,2.0,2.0,2.0,2.0,1.0,3.0,2.0,2.0,7055333.333333333
2p3_L=1.0_S=1.0,1,1,3d3_L=2.0_S=1.0,2,2.0,2.0,2.0,2.0,2.0,1.0,2.0,2.0,-10434978.72409054
2p3_L=1.0_S=1.0,1,1,3d3_L=2.0_S=1.0,2,2.0,2.0,2.0,2.0,2.0,2.0,2.0,2.0,26457500.0
2p3_L=1.0_S=1.0,1,1,3d3_L=2.0_S=1.0,2,2.0,2.0,2.0,2.0,2.0,3.0,2.0,2.0,66932768.955123916
2p3_L=1.0_S=1.0,1,1,3d3_L=2.0_S=1.0,2,2.0,2.0,2.0,2.0,3.0,1.0,2.0,2.0,7055333.333333333
2p3_L=1.0_S=1.0,1,1,3d3_L=2.0_S=1.0,2,2.0,2.0,2.0,2.0,3.0,2.0,2.0,2.0,-66932768.955123916
2p3_L=1.0_S=1.0,1,1,3d3_L=2.0_S=1.0,2,2.0,2.0,2.0,2.0,3.0,3.0,2.0,2.0,207383599.58299506
2p3_L=1.0_S=1.0,1,1,3d3_L=2.0_S=1.0,2,2.0,2.0,3.0,-3.0,1.0,2.0,3.0,-3.0,11155461.492520653
2p3_L=1.0_S=1.0,1,1,3d3_L=2.0_S=1.0,2,2.0,2.0,3.0,-3.0,1.0,3.0,3.0,-3.0,15776204.937253518
2p3_L=1.0_S=1.0,1,1,3d3_L=2.0_S=1.0,2,2.0,2.0,3.0,-3.0,2.0,1.0,3.0,-3.0,-11155461.492520655
2p3_L=1.0_S=1.0,1,1,3d3_L=2.0_S=1.0,2,2.0,2.0,3.0,-3.0,2.0,2.0,3.0,-3.0,0.0
2p3_L=1.0_S=1.0,1,1,3d3_L=2.0_S=1.0,2,2.0,2.0,3.0,-3.0,2.0,3.0,3.0,-3.0,81975565.5058262
2p3_L=1.0_S=1.0,1,1,3d3_L=2.0_S=1.0,2,2.0,2.0,3.0,-3.0,3.0,1.0,3.0,-3.0,15776204.937253514
2p3_L=1.0_S=1.0,1,1,3d3_L=2.0_S=1.0,2,2.0,2.0,3.0,-3.0,3.0,2.0,3.0,-3.0,-81975565.5058262
2p3_L=1.0_S=1.0,1,1,3d3_L=2.0_S=1.0,2,2.0,2.0,3.0,-3.0,3.0,3.0,3.0,-3.0,163951131.01165238
2p3_L=1.0_S=1.0,1,1,3d3_L=2.0_S=1.0,2,2.0,2.0,3.0,-2.0,1.0,2.0,3.0,-2.0,11155461.492520653
2p3_L=1.0_S=1.0,1,1,3d3_L=2.0_S=1.0,2,2.0,2.0,3.0,-2.0,1.0,3.0,3.0,-2.0,15776204.937253518
2p3_L=1.0_S=1.0,1,1,3d3_L=2.0_S=1.0,2,2.0,2.0,3.0,-2.0,2.0,1.0,3.0,-2.0,-11155461.492520655
2p3_L=1.0_S=1.0,1,1,3d3_L=2.0_S=1.0,2,2.0,2.0,3.0,-2.0,2.0,2.0,3.0,-2.0,0.0
2p3_L=1.0_S=1.0,1,1,3d3_L=2.0_S=1.0,2,2.0,2.0,3.0,-2.0,2.0,3.0,3.0,-2.0,81975565.5058262
2p3_L=1.0_S=1.0,1,1,3d3_L=2.0_S=1.0,2,2.0,2.0,3.0,-2.0,3.0,1.0,3.0,-2.0,15776204.937253514
2p3_L=1.0_S=1.0,1,1,3d3_L=2.0_S=1.0,2,2.0,2.0,3.0,-2.0,3.0,2.0,3.0,-2.0,-81975565.5058262
2p3_L=1.0_S=1.0,1,1,3d3_L=2.0_S=1.0,2,2.0,2.0,3.0,-2.0,3.0,3.0,3.0,-2.0,163951131.01165238
2p3_L=1.0_S=1.0,1,1,3d3_L=2.0_S=1.0,2,2.0,2.0,3.0,-1.0,1.0,2.0,3.0,-1.0,11155461.492520653
2p3_L=1.0_S=1.0,1,1,3d3_L=2.0_S=1.0,2,2.0,2.0,3.0,-1.0,1.0,3.0,3.0,-1.0,15776204.937253518
2p3_L=1.0_S=1.0,1,1,3d3_L=2.0_S=1.0,2,2.0,2.0,3.0,-1.0,2.0,1.0,3.0,-1.0,-11155461.492520655
2p3_L=1.0_S=1.0,1,1,3d3_L=2.0_S=1.0,2,2.0,2.0,3.0,-1.0,2.0,2.0,3.0,-1.0,0.0
2p3_L=1.0_S=1.0,1,1,3d3_L=2.0_S=1.0,2,2.0,2.0,3.0,-1.0,2.0,3.0,3.0,-1.0,81975565.5058262
2p3_L=1.0_S=1.0,1,1,3d3_L=2.0_S=1.0,2,2.0,2.0,3.0,-1.0,3.0,1.0,3.0,-1.0,15776204.937253514
2p3_L=1.0_S=1.0,1,1,3d3_L=2.0_S=1.0,2,2.0,2.0,3.0,-1.0,3.0,2.0,3.0,-1.0,-81975565.5058262
2p3_L=1.0_S=1.0,1,1,3d3_L=2.0_S=1.0,2,2.0,2.0,3.0,-1.0,3.0,3.0,3.0,-1.0,163951131.01165238
2p3_L=1.0_S=1.0,1,1,3d3_L=2.0_S=1.0,2,2.0,2.0,3.0,-0.0,1.0,2.0,3.0,-0.0,11155461.492520653
2p3_L=1.0_S=1.0,1,1,3d3_L=2.0_S=1.0,2,2.0,2.0,3.0,-0.0,1.0,3.0,3.0,-0.0,15776204.937253518
2p3_L=1.0_S=1.0,1,1,3d3_L=2.0_S=1.0,2,2.0,2.0,3.0,-0.0,2.0,1.0,3.0,-0.0,-11155461.492520655
2p3_L=1.0_S=1.0,1,1,3d3_L=2.0_S=1.0,2,2.0,2.0,3.0,-0.0,2.0,2.0,3.0,-0.0,0.0
2p3_L=1.0_S=1.0,1,1,3d3_L=2.0_S=1.0,2,2.0,2.0,3.0,-0.0,2.0,3.0,3.0,-0.0,81975565.5058262
2p3_L=1.0_S=1.0,1,1,3d3_L=2.0_S=1.0,2,2.0,2.0,3.0,-0.0,3.0,1.0,3.0,-0.0,15776204.937253514
2p3_L=1.0_S=1.0,1,1,3d3_L=2.0_S=1.0,2,2.0,2.0,3.0,-0.0,3.0,2.0,3.0,-0.0,-81975565.5058262
2p3_L=1.0_S=1.0,1,1,3d3_L=2.0_S=1.0,2,2.0,2.0,3.0,-0.0,3.0,3.0,3.0,-0.0,163951131.01165238
2p3_L=1.0_S=1.0,1,1,3d3_L=2.0_S=1.0,2,2.0,2.0,3.0,1.0,1.0,2.0,3.0,1.0,11155461.492520653
2p3_L=1.0_S=1.0,1,1,3d3_L=2.0_S=1.0,2,2.0,2.0,3.0,1.0,1.0,3.0,3.0,1.0,15776204.937253518
2p3_L=1.0_S=1.0,1,1,3d3_L=2.0_S=1.0,2,2.0,2.0,3.0,1.0,2.0,1.0,3.0,1.0,-11155461.492520655
2p3_L=1.0_S=1.0,1,1,3d3_L=2.0_S=1.0,2,2.0,2.0,3.0,1.0,2.0,2.0,3.0,1.0,0.0
2p3_L=1.0_S=1.0,1,1,3d3_L=2.0_S=1.0,2,2.0,2.0,3.0,1.0,2.0,3.0,3.0,1.0,81975565.5058262
2p3_L=1.0_S=1.0,1,1,3d3_L=2.0_S=1.0,2,2.0,2.0,3.0,1.0,3.0,1.0,3.0,1.0,15776204.937253514
2p3_L=1.0_S=1.0,1,1,3d3_L=2.0_S=1.0,2,2.0,2.0,3.0,1.0,3.0,2.0,3.0,1.0,-81975565.5058262
2p3_L=1.0_S=1.0,1,1,3d3_L=2.0_S=1.0,2,2.0,2.0,3.0,1.0,3.0,3.0,3.0,1.0,163951131.01165238
2p3_L=1.0_S=1.0,1,1,3d3_L=2.0_S=1.0,2,2.0,2.0,3.0,2.0,1.0,2.0,3.0,2.0,11155461.492520653
2p3_L=1.0_S=1.0,1,1,3d3_L=2.0_S=1.0,2,2.0,2.0,3.0,2.0,1.0,3.0,3.0,2.0,15776204.937253518
2p3_L=1.0_S=1.0,1,1,3d3_L=2.0_S=1.0,2,2.0,2.0,3.0,2.0,2.0,1.0,3.0,2.0,-11155461.492520655
2p3_L=1.0_S=1.0,1,1,3d3_L=2.0_S=1.0,2,2.0,2.0,3.0,2.0,2.0,2.0,3.0,2.0,0.0
2p3_L=1.0_S=1.0,1,1,3d3_L=2.0_S=1.0,2,2.0,2.0,3.0,2.0,2.0,3.0,3.0,2.0,81975565.5058262
2p3_L=1.0_S=1.0,1,1,3d3_L=2.0_S=1.0,2,2.0,2.0,3.0,2.0,3.0,1.0,3.0,2.0,15776204.937253514
2p3_L=1.0_S=1.0,1,1,3d3_L=2.0_S=1.0,2,2.0,2.0,3.0,2.0,3.0,2.0,3.0,2.0,-81975565.5058262
2p3_L=1.0_S=1.0,1,1,3d3_L=2.0_S=1.0,2,2.0,2.0,3.0,2.0,3.0,3.0,3.0,2.0,163951131.01165238
2p3_L=1.0_S=1.0,1,1,3d3_L=2.0_S=1.0,2,2.0,2.0,3.0,3.0,1.0,2.0,3.0,3.0,11155461.492520653
2p3_L=1.0_S=1.0,1,1,3d3_L=2.0_S=1.0,2,2.0,2.0,3.0,3.0,1.0,3.0,3.0,3.0,15776204.937253518
2p3_L=1.0_S=1.0,1,1,3d3_L=2.0_S=1.0,2,2.0,2.0,3.0,3.0,2.0,1.0,3.0,3.0,-11155461.492520655
2p3_L=1.0_S=1.0,1,1,3d3_L=2.0_S=1.0,2,2.0,2.0,3.0,3.0,2.0,2.0,3.0,3.0,0.0
2p3_L=1.0_S=1.0,1,1,3d3_L=2.0_S=1.0,2,2.0,2.0,3.0,3.0,2.0,3.0,3.0,3.0,81975565.5058262
2p3_L=1.0_S=1.0,1,1,3d3_L=2.0_S=1.0,2,2.0,2.0,3.0,3.0,3.0,1.0,3.0,3.0,15776204.937253514
2p3_L=1.0_S=1.0,1,1,3d3_L=2.0_S=1.0,2,2.0,2.0,3.0,3.0,3.0,2.0,3.0,3.0,-81975565.5058262
2p3_L=1.0_S=1.0,1,1,3d3_L=2.0_S=1.0,2,2.0,2.0,3.0,3.0,3.0,3.0,3.0,3.0,163951131.01165238
2p3_L=1.0_S=1.0,1,1,3d3_L=2.0_S=1.0,2,2.0,2.0,4.0,-4.0,1.0,3.0,4.0,-4.0,27325188.501942065
2p3_L=1.0_S=1.0,1,1,3d3_L=2.0_S=1.0,2,2.0,2.0,4.0,-4.0,2.0,2.0,4.0,-4.0,-35276666.66666667
2p3_L=1.0_S=1.0,1,1,3d3_L=2.0_S=1.0,2,2.0,2.0,4.0,-4.0,2.0,3.0,4.0,-4.0,78881024.6862676
2p3_L=1.0_S=1.0,1,1,3d3_L=2.0_S=1.0,2,2.0,2.0,4.0,-4.0,3.0,1.0,4.0,-4.0,27325188.50194206
2p3_L=1.0_S=1.0,1,1,3d3_L=2.0_S=1.0,2,2.0,2.0,4.0,-4.0,3.0,2.0,4.0,-4.0,-78881024.6862676
2p3_L=1.0_S=1.0,1,1,3d3_L=2.0_S=1.0,2,2.0,2.0,4.0,-4.0,3.0,3.0,4.0,-4.0,104647504.78524457
2p3_L=1.0_S=1.0,1,1,3d3_L=2.0_S=1.0,2,2.0,2.0,4.0,-3.0,1.0,3.0,4.0,-3.0,27325188.501942065
2p3_L=1.0_S=1.0,1,1,3d3_L=2.0_S=1.0,2,2.0,2.0,4.0,-3.0,2.0,2.0,4.0,-3.0,-35276666.66666667
2p3_L=1.0_S=1.0,1,1,3d3_L=2.0_S=1.0,2,2.0,2.0,4.0,-3.0,2.0,3.0,4.0,-3.0,78881024.6862676
2p3_L=1.0_S=1.0,1,1,3d3_L=2.0_S=1.0,2,2.0,2.0,4.0,-3.0,3.0,1.0,4.0,-3.0,27325188.50194206
2p3_L=1.0_S=1.0,1,1,3d3_L=2.0_S=1.0,2,2.0,2.0,4.0,-3.0,3.0,2.0,4.0,-3.0,-78881024.6862676
2p3_L=1.0_S=1.0,1,1,3d3_L=2.0_S=1.0,2,2.0,2.0,4.0,-3.0,3.0,3.0,4.0,-3.0,104647504.78524457
2p3_L=1.0_S=1.0,1,1,3d3_L=2.0_S=1.0,2,2.0,2.0,4.0,-2.0,1.0,3.0,4.0,-2.0,27325188.501942065
2p3_L=1.0_S=1.0,1,1,3d3_L=2.0_S=1.0,2,2.0,2.0,4.0,-2.0,2.0,2.0,4.0,-2.0,-35276666.66666667
2p3_L=1.0_S=1.0,1,1,3d3_L=2.0_S=1.0,2,2.0,2.0,4.0,-2.0,2.0,3.0,4.0,-2.0,78881024.6862676
2p3_L=1.0_S=1.0,1,1,3d3_L=2.0_S=1.0,2,2.0,2.0,4.0,-2.0,3.0,1.0,4.0,-2.0,27325188.50194206
2p3_L=1.0_S=1.0,1,1,3d3_L=2.0_S=1.0,2,2.0,2.0,4.0,-2.0,3.0,2.0,4.0,-2.0,-78881024.6862676
2p3_L=1.0_S=1.0,1,1,3d3_L=2.0_S=1.0,2,2.0,2.0,4.0,-2.0,3.0,3.0,4.0,-2.0,104647504.78524457
2p3_L=1.0_S=1.0,1,1,3d3_L=2.0_S=1.0,2,2.0,2.0,4.0,-1.0,1.0,3.0,4.0,-1.0,27325188.501942065
2p3_L=1.0_S=1.0,1,1,3d3_L=2.0_S=1.0,2,2.0,2.0,4.0,-1.0,2.0,2.0,4.0,-1.0,-35276666.66666667
2p3_L=1.0_S=1.0,1,1,3d3_L=2.0_S=1.0,2,2.0,2.0,4.0,-1.0,2.0,3.0,4.0,-1.0,78881024.6862676
2p3_L=1.0_S=1.0,1,1,3d3_L=2.0_S=1.0,2,2.0,2.0,4.0,-1.0,3.0,1.0,4.0,-1.0,27325188.50194206
2p3_L=1.0_S=1.0,1,1,3d3_L=2.0_S=1.0,2,2.0,2.0,4.0,-1.0,3.0,2.0,4.0,-1.0,-78881024.6862676
2p3_L=1.0_S=1.0,1,1,3d3_L=2.0_S=1.0,2,2.0,2.0,4.0,-1.0,3.0,3.0,4.0,-1.0,104647504.78524457
2p3_L=1.0_S=1.0,1,1,3d3_L=2.0_S=1.0,2,2.0,2.0,4.0,-0.0,1.0,3.0,4.0,-0.0,27325188.501942065
2p3_L=1.0_S=1.0,1,1,3d3_L=2.0_S=1.0,2,2.0,2.0,4.0,-0.0,2.0,2.0,4.0,-0.0,-35276666.66666667
2p3_L=1.0_S=1.0,1,1,3d3_L=2.0_S=1.0,2,2.0,2.0,4.0,-0.0,2.0,3.0,4.0,-0.0,78881024.6862676
2p3_L=1.0_S=1.0,1,1,3d3_L=2.0_S=1.0,2,2.0,2.0,4.0,-0.0,3.0,1.0,4.0,-0.0,27325188.50194206
2p3_L=1.0_S=1.0,1,1,3d3_L=2.0_S=1.0,2,2.0,2.0,4.0,-0.0,3.0,2.0,4.0,-0.0,-78881024.6862676
2p3_L=1.0_S=1.0,1,1,3d3_L=2.0_S=1.0,2,2.0,2.0,4.0,-0.0,3.0,3.0,4.0,-0.0,104647504.78524457
2p3_L=1.0_S=1.0,1,1,3d3_L=2.0_S=1.0,2,2.0,2.0,4.0,1.0,1.0,3.0,4.0,1.0,27325188.501942065
2p3_L=1.0_S=1.0,1,1,3d3_L=2.0_S=1.0,2,2.0,2.0,4.0,1.0,2.0,2.0,4.0,1.0,-35276666.66666667
2p3_L=1.0_S=1.0,1,1,3d3_L=2.0_S=1.0,2,2.0,2.0,4.0,1.0,2.0,3.0,4.0,1.0,78881024.6862676
2p3_L=1.0_S=1.0,1,1,3d3_L=2.0_S=1.0,2,2.0,2.0,4.0,1.0,3.0,1.0,4.0,1.0,27325188.50194206
2p3_L=1.0_S=1.0,1,1,3d3_L=2.0_S=1.0,2,2.0,2.0,4.0,1.0,3.0,2.0,4.0,1.0,-78881024.6862676
2p3_L=1.0_S=1.0,1,1,3d3_L=2.0_S=1.0,2,2.0,2.0,4.0,1.0,3.0,3.0,4.0,1.0,104647504.78524457
2p3_L=1.0_S=1.0,1,1,3d3_L=2.0_S=1.0,2,2.0,2.0,4.0,2.0,1.0,3.0,4.0,2.0,27325188.501942065
2p3_L=1.0_S=1.0,1,1,3d3_L=2.0_S=1.0,2,2.0,2.0,4.0,2.0,2.0,2.0,4.0,2.0,-35276666.66666667
2p3_L=1.0_S=1.0,1,1,3d3_L=2.0_S=1.0,2,2.0,2.0,4.0,2.0,2.0,3.0,4.0,2.0,78881024.6862676
2p3_L=1.0_S=1.0,1,1,3d3_L=2.0_S=1.0,2,2.0,2.0,4.0,2.0,3.0,1.0,4.0,2.0,27325188.50194206
2p3_L=1.0_S=1.0,1,1,3d3_L=2.0_S=1.0,2,2.0,2.0,4.0,2.0,3.0,2.0,4.0,2.0,-78881024.6862676
2p3_L=1.0_S=1.0,1,1,3d3_L=2.0_S=1.0,2,2.0,2.0,4.0,2.0,3.0,3.0,4.0,2.0,104647504.78524457
2p3_L=1.0_S=1.0,1,1,3d3_L=2.0_S=1.0,2,2.0,2.0,4.0,3.0,1.0,3.0,4.0,3.0,27325188.501942065
2p3_L=1.0_S=1.0,1,1,3d3_L=2.0_S=1.0,2,2.0,2.0,4.0,3.0,2.0,2.0,4.0,3.0,-35276666.66666667
2p3_L=1.0_S=1.0,1,1,3d3_L=2.0_S=1.0,2,2.0,2.0,4.0,3.0,2.0,3.0,4.0,3.0,78881024.6862676
2p3_L=1.0_S=1.0,1,1,3d3_L=2.0_S=1.0,2,2.0,2.0,4.0,3.0,3.0,1.0,4.0,3.0,27325188.50194206
2p3_L=1.0_S=1.0,1,1,3d3_L=2.0_S=1.0,2,2.0,2.0,4.0,3.0,3.0,2.0,4.0,3.0,-78881024.6862676
2p3_L=1.0_S=1.0,1,1,3d3_L=2.0_S=1.0,2,2.0,2.0,4.0,3.0,3.0,3.0,4.0,3.0,104647504.78524457
2p3_L=1.0_S=1.0,1,1,3d3_L=2.0_S=1.0,2,2.0,2.0,4.0,4.0,1.0,3.0,4.0,4.0,27325188.501942065
2p3_L=1.0_S=1.0,1,1,3d3_L=2.0_S=1.0,2,2.0,2.0,4.0,4.0,2.0,2.0,4.0,4.0,-35276666.66666667
2p3_L=1.0_S=1.0,1,1,3d3_L=2.0_S=1.0,2,2.0,2.0,4.0,4.0,2.0,3.0,4.0,4.0,78881024.6862676
2p3_L=1.0_S=1.0,1,1,3d3_L=2.0_S=1.0,2,2.0,2.0,4.0,4.0,3.0,1.0,4.0,4.0,27325188.50194206
2p3_L=1.0_S=1.0,1,1,3d3_L=2.0_S=1.0,2,2.0,2.0,4.0,4.0,3.0,2.0,4.0,4.0,-78881024.6862676
2p3_L=1.0_S=1.0,1,1,3d3_L=2.0_S=1.0,2,2.0,2.0,4.0,4.0,3.0,3.0,4.0,4.0,104647504.78524457
2p3_L=1.0_S=1.0,1,1,3s3_L=0.0_S=1.0,0,0.0,0.0,0.0,-0.0,1.0,1.0,0.0,-0.0,5338373.039017009
2p3_L=1.0_S=1.0,1,1,3s3_L=0.0_S=1.0,0,0.0,1.0,1.0,-1.0,1.0,1.0,1.0,-1.0,5338373.039017009
2p3_L=1.0_S=1.0,1,1,3s3_L=0.0_S=1.0,0,0.0,1.0,1.0,-0.0,1.0,1.0,1.0,-0.0,5338373.039017009
2p3_L=1.0_S=1.0,1,1,3s3_L=0.0_S=1.0,0,0.0,1.0,1.0,1.0,1.0,1.0,1.0,1.0,5338373.039017009
2p3_L=1.0_S=1.0,1,1,3s3_L=0.0_S=1.0,0,0.0,2.0,2.0,-2.0,1.0,1.0,2.0,-2.0,5338373.039017009
2p3_L=1.0_S=1.0,1,1,3s3_L=0.0_S=1.0,0,0.0,2.0,2.0,-1.0,1.0,1.0,2.0,-1.0,5338373.039017009
2p3_L=1.0_S=1.0,1,1,3s3_L=0.0_S=1.0,0,0.0,2.0,2.0,-0.0,1.0,1.0,2.0,-0.0,5338373.039017009
2p3_L=1.0_S=1.0,1,1,3s3_L=0.0_S=1.0,0,0.0,2.0,2.0,1.0,1.0,1.0,2.0,1.0,5338373.039017009
2p3_L=1.0_S=1.0,1,1,3s3_L=0.0_S=1.0,0,0.0,2.0,2.0,2.0,1.0,1.0,2.0,2.0,5338373.039017009
2p3_L=1.0_S=1.0,1,1,3s3_L=0.0_S=1.0,0,1.0,0.0,1.0,-1.0,1.0,1.0,1.0,-1.0,-5338373.039017009
2p3_L=1.0_S=1.0,1,1,3s3_L=0.0_S=1.0,0,1.0,0.0,1.0,-0.0,1.0,1.0,1.0,-0.0,-5338373.039017009
2p3_L=1.0_S=1.0,1,1,3s3_L=0.0_S=1.0,0,1.0,0.0,1.0,1.0,1.0,1.0,1.0,1.0,-5338373.039017009
2p3_L=1.0_S=1.0,1,1,3s3_L=0.0_S=1.0,0,1.0,1.0,0.0,-0.0,1.0,1.0,0.0,-0.0,9246333.333333332
2p3_L=1.0_S=1.0,1,1,3s3_L=0.0_S=1.0,0,1.0,1.0,1.0,-1.0,1.0,1.0,1.0,-1.0,4623166.666666666
2p3_L=1.0_S=1.0,1,1,3s3_L=0.0_S=1.0,0,1.0,1.0,1.0,-0.0,1.0,1.0,1.0,-0.0,4623166.666666666
2p3_L=1.0_S=1.0,1,1,3s3_L=0.0_S=1.0,0,1.0,1.0,1.0,1.0,1.0,1.0,1.0,1.0,4623166.666666666
2p3_L=1.0_S=1.0,1,1,3s3_L=0.0_S=1.0,0,1.0,1.0,2.0,-2.0,1.0,1.0,2.0,-2.0,-4623166.666666666
2p3_L=1.0_S=1.0,1,1,3s3_L=0.0_S=1.0,0,1.0,1.0,2.0,-1.0,1.0,1.0,2.0,-1.0,-4623166.666666666
2p3_L=1.0_S=1.0,1,1,3s3_L=0.0_S=1.0,0,1.0,1.0,2.0,-0.0,1.0,1.0,2.0,-0.0,-4623166.666666666
2p3_L=1.0_S=1.0,1,1,3s3_L=0.0_S=1.0,0,1.0,1.0,2.0,1.0,1.0,1.0,2.0,1.0,-4623166.666666666
2p3_L=1.0_S=1.0,1,1,3s3_L=0.0_S=1.0,0,1.0,1.0,2.0,2.0,1.0,1.0,2.0,2.0,-4623166.666666666
2p3_L=1.0_S=1.0,1,1,3s3_L=0.0_S=1.0,0,1.0,2.0,1.0,-1.0,1.0,1.0,1.0,-1.0,5968482.502247085
2p3_L=1.0_S=1.0,1,1,3s3_L=0.0_S=1.0,0,1.0,2.0,1.0,-0.0,1.0,1.0,1.0,-0.0,5968482.502247085
2p3_L=1.0_S=1.0,1,1,3s3_L=0.0_S=1.0,0,1.0,2.0,1.0,1.0,1.0,1.0,1.0,1.0,5968482.502247085
2p3_L=1.0_S=1.0,1,1,3s3_L=0.0_S=1.0,0,1.0,2.0,2.0,-2.0,1.0,1.0,2.0,-2.0,8007559.558525512
2p3_L=1.0_S=1.0,1,1,3s3_L=0.0_S=1.0,0,1.0,2.0,2.0,-1.0,1.0,1.0,2.0,-1.0,8007559.558525512
2p3_L=1.0_S=1.0,1,1,3s3_L=0.0_S=1.0,0,1.0,2.0,2.0,-0.0,1.0,1.0,2.0,-0.0,8007559.558525512
2p3_L=1.0_S=1.0,1,1,3s3_L=0.0_S=1.0,0,1.0,2.0,2.0,1.0,1.0,1.0,2.0,1.0,8007559.558525512
2p3_L=1.0_S=1.0,1,1,3s3_L=0.0_S=1.0,0,1.0,2.0,2.0,2.0,1.0,1.0,2.0,2.0,8007559.558525512
2p3_L=1.0_S=1.0,1,1,3s3_L=0.0_S=1.0,0,2.0,0.0,2.0,-2.0,1.0,1.0,2.0,-2.0,5338373.039017009
2p3_L=1.0_S=1.0,1,1,3s3_L=0.0_S=1.0,0,2.0,0.0,2.0,-1.0,1.0,1.0,2.0,-1.0,5338373.039017009
2p3_L=1.0_S=1.0,1,1,3s3_L=0.0_S=1.0,0,2.0,0.0,2.0,-0.0,1.0,1.0,2.0,-0.0,5338373.039017009
2p3_L=1.0_S=1.0,1,1,3s3_L=0.0_S=1.0,0,2.0,0.0,2.0,1.0,1.0,1.0,2.0,1.0,5338373.039017009
2p3_L=1.0_S=1.0,1,1,3s3_L=0.0_S=1.0,0,2.0,0.0,2.0,2.0,1.0,1.0,2.0,2.0,5338373.039017009
2p3_L=1.0_S=1.0,1,1,3s3_L=0.0_S=1.0,0,2.0,1.0,1.0,-1.0,1.0,1.0,1.0,-1.0,-5968482.502247085
2p3_L=1.0_S=1.0,1,1,3s3_L=0.0_S=1.0,0,2.0,1.0,1.0,-0.0,1.0,1.0,1.0,-0.0,-5968482.502247085
2p3_L=1.0_S=1.0,1,1,3s3_L=0.0_S=1.0,0,2.0,1.0,1.0,1.0,1.0,1.0,1.0,1.0,-5968482.502247085
2p3_L=1.0_S=1.0,1,1,3s3_L=0.0_S=1.0,0,2.0,1.0,2.0,-2.0,1.0,1.0,2.0,-2.0,-8007559.558525514
2p3_L=1.0_S=1.0,1,1,3s3_L=0.0_S=1.0,0,2.0,1.0,2.0,-1.0,1.0,1.0,2.0,-1.0,-8007559.558525514
2p3_L=1.0_S=1.0,1,1,3s3_L=0.0_S=1.0,0,2.0,1.0,2.0,-0.0,1.0,1.0,2.0,-0.0,-8007559.558525514
2p3_L=1.0_S=1.0,1,1,3s3_L=0.0_S=1.0,0,2.0,1.0,2.0,1.0,1.0,1.0,2.0,1.0,-8007559.558525514
2p3_L=1.0_S=1.0,1,1,3s3_L=0.0_S=1.0,0,2.0,1.0,2.0,2.0,1.0,1.0,2.0,2.0,-8007559.558525514
2p3_L=1.0_S=1.0,1,1,3s3_L=0.0_S=1.0,0,2.0,2.0,0.0,-0.0,1.0,1.0,0.0,-0.0,11936965.004494168
2p3_L=1.0_S=1.0,1,1,3s3_L=0.0_S=1.0,0,2.0,2.0,1.0,-1.0,1.0,1.0,1.0,-1.0,10337714.937977776
2p3_L=1.0_S=1.0,1,1,3s3_L=0.0_S=1.0,0,2.0,2.0,1.0,-0.0,1.0,1.0,1.0,-0.0,10337714.937977776
2p3_L=1.0_S=1.0,1,1,3s3_L=0.0_S=1.0,0,2.0,2.0,1.0,1.0,1.0,1.0,1.0,1.0,10337714.937977776
2p3_L=1.0_S=1.0,1,1,3s3_L=0.0_S=1.0,0,2.0,2.0,2.0,-2.0,1.0,1.0,2.0,-2.0,7062003.733465557
2p3_L=1.0_S=1.0,1,1,3s3_L=0.0_S=1.0,0,2.0,2.0,2.0,-1.0,1.0,1.0,2.0,-1.0,7062003.733465557
2p3_L=1.0_S=1.0,1,1,3s3_L=0.0_S=1.0,0,2.0,2.0,2.0,-0.0,1.0,1.0,2.0,-0.0,7062003.733465557
2p3_L=1.0_S=1.0,1,1,3s3_L=0.0_S=1.0,0,2.0,2.0,2.0,1.0,1.0,1.0,2.0,1.0,7062003.733465557
2p3_L=1.0_S=1.0,1,1,3s3_L=0.0_S=1.0,0,2.0,2.0,2.0,2.0,1.0,1.0,2.0,2.0,7062003.733465557
2s3_L=0.0_S=1.0,0,1,2p3_L=1.0_S=1.0,1,1.0,1.0,0.0,-0.0,0.0,0.0,0.0,-0.0,17701559.253353924
2s3_L=0.0_S=1.0,0,1,2p3_L=1.0_S=1.0,1,1.0,1.0,0.0,-0.0,1.0,1.0,0.0,-0.0,30660000.0
2s3_L=0.0_S=1.0,0,1,2p3_L=1.0_S=1.0,1,1.0,1.0,0.0,-0.0,2.0,2.0,0.0,-0.0,39581889.79823979
2s3_L=0.0_S=1.0,0,1,2p3_L=1.0_S=1.0,1,1.0,1.0,1.0,-1.0,0.0,1.0,1.0,-1.0,17701559.253353924
2s3_L=0.0_S=1.0,0,1,2p3_L=1.0_S=1.0,1,1.0,1.0,1.0,-1.0,1.0,0.0,1.0,-1.0,-17701559.253353924
2s3_L=0.0_S=1.0,0,1,2p3_L=1.0_S=1.0,1,1.0,1.0,1.0,-1.0,1.0,1.0,1.0,-1.0,15330000.0
2s3_L=0.0_S=1.0,0,1,2p3_L=1.0_S=1.0,1,1.0,1.0,1.0,-1.0,1.0,2.0,1.0,-1.0,19790944.8991199
2s3_L=0.0_S=1.0,0,1,2p3_L=1.0_S=1.0,1,1.0,1.0,1.0,-1.0,2.0,1.0,1.0,-1.0,-19790944.8991199
2s3_L=0.0_S=1.0,0,1,2p3_L=1.0_S=1.0,1,1.0,1.0,1.0,-1.0,2.0,2.0,1.0,-1.0,34278922.09507177
2s3_L=0.0_S=1.0,0,1,2p3_L=1.0_S=1.0,1,1.0,1.0,1.0,-0.0,0.0,1.0,1.0,-0.0,17701559.253353924
2s3_L=0.0_S=1.0,0,1,2p3_L=1.0_S=1.0,1,1.0,1.0,1.0,-0.0,1.0,0.0,1.0,-0.0,-17701559.253353924
2s3_L=0.0_S=1.0,0,1,2p3_L=1.0_S=1.0,1,1.0,1.0,1.0,-0.0,1.0,1.0,1.0,-0.0,15330000.0
2s3_L=0.0_S=1.0,0,1,2p3_L=1.0_S=1.0,1,1.0,1.0,1.0,-0.0,1.0,2.0,1.0,-0.0,19790944.8991199
2s3_L=0.0_S=1.0,0,1,2p3_L=1.0_S=1.0,1,1.0,1.0,1.0,-0.0,2.0,1.0,1.0,-0.0,-19790944.8991199
2s3_L=0.0_S=1.0,0,1,2p3_L=1.0_S=1.0,1,1.0,1.0,1.0,-0.0,2.0,2.0,1.0,-0.0,34278922.09507177
2s3_L=0.0_S=1.0,0,1,2p3_L=1.0_S=1.0,1,1.0,1.0,1.0,1.0,0.0,1.0,1.0,1.0,17701559.253353924
2s3_L=0.0_S=1.0,0,1,2p3_L=1.0_S=1.0,1,1.0,1.0,1.0,1.0,1.0,0.0,1.0,1.0,-17701559.253353924
2s3_L=0.0_S=1.0,0,1,2p3_L=1.0_S=1.0,1,1.0,1.0,1.0,1.0,1.0,1.0,1.0,1.0,15330000.0
2s3_L=0.0_S=1.0,0,1,2p3_L=1.0_S=1.0,1,1.0,1.0,1.0,1.0,1.0,2.0,1.0,1.0,19790944.8991199
2s3_L=0.0_S=1.0,0,1,2p3_L=1.0_S=1.0,1,1.0,1.0,1.0,1.0,2.0,1.0,1.0,1.0,-19790944.8991199
2s3_L=0.0_S=1.0,0,1,2p3_L=1.0_S=1.0,1,1.0,1.0,1.0,1.0,2.0,2.0,1.0,1.0,34278922.09507177
2s3_L=0.0_S=1.0,0,1,2p3_L=1.0_S=1.0,1,1.0,1.0,2.0,-2.0,0.0,2.0,2.0,-2.0,17701559.253353924
2s3_L=0.0_S=1.0,0,1,2p3_L=1.0_S=1.0,1,1.0,1.0,2.0,-2.0,1.0,1.0,2.0,-2.0,-15330000.0
2s3_L=0.0_S=1.0,0,1,2p3_L=1.0_S=1.0,1,1.0,1.0,2.0,-2.0,1.0,2.0,2.0,-2.0,26552338.880030878
2s3_L=0.0_S=1.0,0,1,2p3_L=1.0_S=1.0,1,1.0,1.0,2.0,-2.0,2.0,0.0,2.0,-2.0,17701559.253353924
2s3_L=0.0_S=1.0,0,1,2p3_L=1.0_S=1.0,1,1.0,1.0,2.0,-2.0,2.0,1.0,2.0,-2.0,-26552338.880030885
2s3_L=0.0_S=1.0,0,1,2p3_L=1.0_S=1.0,1,1.0,1.0,2.0,-2.0,2.0,2.0,2.0,-2.0,23416961.80122434
2s3_L=0.0_S=1.0,0,1,2p3_L=1.0_S=1.0,1,1.0,1.0,2.0,-1.0,0.0,2.0,2.0,-1.0,17701559.253353924
2s3_L=0.0_S=1.0,0,1,2p3_L=1.0_S=1.0,1,1.0,1.0,2.0,-1.0,1.0,1.0,2.0,-1.0,-15330000.0
2s3_L=0.0_S=1.0,0,1,2p3_L=1.0_S=1.0,1,1.0,1.0,2.0,-1.0,1.0,2.0,2.0,-1.0,26552338.880030878
2s3_L=0.0_S=1.0,0,1,2p3_L=1.0_S=1.0,1,1.0,1.0,2.0,-1.0,2.0,0.0,2.0,-1.0,17701559.253353924
2s3_L=0.0_S=1.0,0,1,2p3_L=1.0_S=1.0,1,1.0,1.0,2.0,-1.0,2.0,1.0,2.0,-1.0,-26552338.880030885
2s3_L=0.0_S=1.0,0,1,2p3_L=1.0_S=1.0,1,1.0,1.0,2.0,-1.0,2.0,2.0,2.0,-1.0,23416961.80122434
2s3_L=0.0_S=1.0,0,1,2p3_L=1.0_S=1.0,1,1.0,1.0,2.0,-0.0,0.0,2.0,2.0,-0.0,17701559.253353924
2s3_L=0.0_S=1.0,0,1,2p3_L=1.0_S=1.0,1,1.0,1.0,2.0,-0.0,1.0,1.0,2.0,-0.0,-15330000.0
2s3_L=0.0_S=1.0,0,1,2p3_L=1.0_S=1.0,1,1.0,1.0,2.0,-0.0,1.0,2.0,2.0,-0.0,26552338.880030878
2s3_L=0.0_S=1.0,0,1,2p3_L=1.0_S=1.0,1,1.0,1.0,2.0,-0.0,2.0,0.0,2.0,-0.0,17701559.253353924
2s3_L=0.0_S=1.0,0,1,2p3_L=1.0_S=1.0,1,1.0,1.0,2.0,-0.0,2.0,1.0,2.0,-0.0,-26552338.880030885
2s3_L=0.0_S=1.0,0,1,2p3_L=1.0_S=1.0,1,1.0,1.0,2.0,-0.0,2.0,2.0,2.0,-0.0,23416961.80122434
2s3_L=0.0_S=1.0,0,1,2p3_L=1.0_S=1.0,1,1.0,1.0,2.0,1.0,0.0,2.0,2.0,1.0,17701559.253353924
2s3_L=0.0_S=1.0,0,1,2p3_L=1.0_S=1.0,1,1.0,1.0,2.0,1.0,1.0,1.0,2.0,1.0,-15330000.0
2s3_L=0.0_S=1.0,0,1,2p3_L=1.0_S=1.0,1,1.0,1.0,2.0,1.0,1.0,2.0,2.0,1.0,26552338.880030878
2s3_L=0.0_S=1.0,0,1,2p3_L=1.0_S=1.0,1,1.0,1.0,2.0,1.0,2.0,0.0,2.0,1.0,17701559.253353924
2s3_L=0.0_S=1.0,0,1,2p3_L=1.0_S=1.0,1,1.0,1.0,2.0,1.0,2.0,1.0,2.0,1.0,-26552338.880030885
2s3_L=0.0_S=1.0,0,1,2p3_L=1.0_S=1.0,1,1.0,1.0,2.0,1.0,2.0,2.0,2.0,1.0,23416961.80122434
2s3_L=0.0_S=1.0,0,1,2p3_L=1.0_S=1.0,1,1.0,1.0,2.0,2.0,0.0,2.0,2.0,2.0,17701559.253353924
2s3_L=0.0_S=1.0,0,1,2p3_L=1.0_S=1.0,1,1.0,1.0,2.0,2.0,1.0,1.0,2.0,2.0,-15330000.0
2s3_L=0.0_S=1.0,0,1,2p3_L=1.0_S=1.0,1,1.0,1.0,2.0,2.0,1.0,2.0,2.0,2.0,26552338.880030878
2s3_L=0.0_S=1.0,0,1,2p3_L=1.0_S=1.0,1,1.0,1.0,2.0,2.0,2.0,0.0,2.0,2.0,17701559.253353924
2s3_L=0.0_S=1.0,0,1,2p3_L=1.0_S=1.0,1,1.0,1.0,2.0,2.0,2.0,1.0,2.0,2.0,-26552338.880030885
2s3_L=0.0_S=1.0,0,1,2p3_L=1.0_S=1.0,1,1.0,1.0,2.0,2.0,2.0,2.0,2.0,2.0,23416961.80122434
2s3_L=0.0_S=1.0,0,1,3p3_L=1.0_S=1.0,1,1.0,1.0,0.0,-0.0,0.0,0.0,0.0,-0.0,16416377.554137819
2s3_L=0.0_S=1.0,0,1,3p3_L=1.0_S=1.0,1,1.0,1.0,0.0,-0.0,1.0,1.0,0.0,-0.0,28434000.0
2s3_L=0.0_S=1.0,0,1,3p3_L=1.0_S=1.0,1,1.0,1.0,0.0,-0.0,2.0,2.0,0.0,-0.0,36708136.15535389
2s3_L=0.0_S=1.0,0,1,3p3_L=1.0_S=1.0,1,1.0,1.0,1.0,-1.0,0.0,1.0,1.0,-1.0,16416377.554137819
2s3_L=0.0_S=1.0,0,1,3p3_L=1.0_S=1.0,1,1.0,1.0,1.0,-1.0,1.0,0.0,1.0,-1.0,-16416377.554137819
2s3_L=0.0_S=1.0,0,1,3p3_L=1.0_S=1.0,1,1.0,1.0,1.0,-1.0,1.0,1.0,1.0,-1.0,14217000.0
2s3_L=0.0_S=1.0,0,1,3p3_L=1.0_S=1.0,1,1.0,1.0,1.0,-1.0,1.0,2.0,1.0,-1.0,18354068.077676944
2s3_L=0.0_S=1.0,0,1,3p3_L=1.0_S=1.0,1,1.0,1.0,1.0,-1.0,2.0,1.0,1.0,-1.0,-18354068.077676944
2s3_L=0.0_S=1.0,0,1,3p3_L=1.0_S=1.0,1,1.0,1.0,1.0,-1.0,2.0,2.0,1.0,-1.0,31790178.436114497
2s3_L=0.0_S=1.0,0,1,3p3_L=1.0_S=1.0,1,1.0,1.0,1.0,-0.0,0.0,1.0,1.0,-0.0,16416377.554137819
2s3_L=0.0_S=1.0,0,1,3p3_L=1.0_S=1.0,1,1.0,1.0,1.0,-0.0,1.0,0.0,1.0,-0.0,-16416377.554137819
2s3_L=0.0_S=1.0,0,1,3p3_L=1.0_S=1.0,1,1.0,1.0,1.0,-0.0,1.0,1.0,1.0,-0.0,14217000.0
2s3_L=0.0_S=1.0,0,1,3p3_L=1.0_S=1.0,1,1.0,1.0,1.0,-0.0,1.0,2.0,1.0,-0.0,18354068.077676944
2s3_L=0.0_S=1.0,0,1,3p3_L=1.0_S=1.0,1,1.0,1.0,1.0,-0.0,2.0,1.0,1.0,-0.0,-18354068.077676944
2s3_L=0.0_S=1.0,0,1,3p3_L=1.0_S=1.0,1,1.0,1.0,1.0,-0.0,2.0,2.0,1.0,-0.0,31790178.436114497
2s3_L=0.0_S=1.0,0,1,3p3_L=1.0_S=1.0,1,1.0,1.0,1.0,1.0,0.0,1.0,1.0,1.0,16416377.554137819
2s3_L=0.0_S=1.0,0,1,3p3_L=1.0_S=1.0,1,1.0,1.0,1.0,1.0,1.0,0.0,1.0,1.0,-16416377.554137819
2s3_L=0.0_S=1.0,0,1,3p3_L=1.0_S=1.0,1,1.0,1.0,1.0,1.0,1.0,1.0,1.0,1.0,14217000.0
2s3_L=0.0_S=1.0,0,1,3p3_L=1.0_S=1.0,1,1.0,1.0,1.0,1.0,1.0,2.0,1.0,1.0,18354068.077676944
2s3_L=0.0_S=1.0,0,1,3p3_L=1.0_S=1.0,1,1.0,1.0,1.0,1.0,2.0,1.0,1.0,1.0,-18354068.077676944
2s3_L=0.0_S=1.0,0,1,3p3_L=1.0_S=1.0,1,1.0,1.0,1.0,1.0,2.0,2.0,1.0,1.0,31790178.436114497
2s3_L=0.0_S=1.0,0,1,3p3_L=1.0_S=1.0,1,1.0,1.0,2.0,-2.0,0.0,2.0,2.0,-2.0,16416377.554137815
2s3_L=0.0_S=1.0,0,1,3p3_L=1.0_S=1.0,1,1.0,1.0,2.0,-2.0,1.0,1.0,2.0,-2.0,-14217000.0
2s3_L=0.0_S=1.0,0,1,3p3_L=1.0_S=1.0,1,1.0,1.0,2.0,-2.0,1.0,2.0,2.0,-2.0,24624566.331206717
2s3_L=0.0_S=1.0,0,1,3p3_L=1.0_S=1.0,1,1.0,1.0,2.0,-2.0,2.0,0.0,2.0,-2.0,16416377.554137815
2s3_L=0.0_S=1.0,0,1,3p3_L=1.0_S=1.0,1,1.0,1.0,2.0,-2.0,2.0,1.0,2.0,-2.0,-24624566.331206724
2s3_L=0.0_S=1.0,0,1,3p3_L=1.0_S=1.0,1,1.0,1.0,2.0,-2.0,2.0,2.0,2.0,-2.0,21716826.218395725
2s3_L=0.0_S=1.0,0,1,3p3_L=1.0_S=1.0,1,1.0,1.0,2.0,-1.0,0.0,2.0,2.0,-1.0,16416377.554137815
2s3_L=0.0_S=1.0,0,1,3p3_L=1.0_S=1.0,1,1.0,1.0,2.0,-1.0,1.0,1.0,2.0,-1.0,-14217000.0
2s3_L=0.0_S=1.0,0,1,3p3_L=1.0_S=1.0,1,1.0,1.0,2.0,-1.0,1.0,2.0,2.0,-1.0,24624566.331206717
2s3_L=0.0_S=1.0,0,1,3p3_L=1.0_S=1.0,1,1.0,1.0,2.0,-1.0,2.0,0.0,2.0,-1.0,16416377.554137815
2s3_L=0.0_S=1.0,0,1,3p3_L=1.0_S=1.0,1,1.0,1.0,2.0,-1.0,2.0,1.0,2.0,-1.0,-24624566.331206724
2s3_L=0.0_S=1.0,0,1,3p3_L=1.0_S=1.0,1,1.0,1.0,2.0,-1.0,2.0,2.0,2.0,-1.0,21716826.218395725
2s3_L=0.0_S=1.0,0,1,3p3_L=1.0_S=1.0,1,1.0,1.0,2.0,-0.0,0.0,2.0,2.0,-0.0,16416377.554137815
2s3_L=0.0_S=1.0,0,1,3p3_L=1.0_S=1.0,1,1.0,1.0,2.0,-0.0,1.0,1.0,2.0,-0.0,-14217000.0
2s3_L=0.0_S=1.0,0,1,3p3_L=1.0_S=1.0,1,1.0,1.0,2.0,-0.0,1.0,2.0,2.0,-0.0,24624566.331206717
2s3_L=0.0_S=1.0,0,1,3p3_L=1.0_S=1.0,1,1.0,1.0,2.0,-0.0,2.0,0.0,2.0,-0.0,16416377.554137815
2s3_L=0.0_S=1.0,0,1,3p3_L=1.0_S=1.0,1,1.0,1.0,2.0,-0.0,2.0,1.0,2.0,-0.0,-24624566.331206724
2s3_L=0.0_S=1.0,0,1,3p3_L=1.0_S=1.0,1,1.0,1.0,2.0,-0.0,2.0,2.0,2.0,-0.0,21716826.218395725
2s3_L=0.0_S=1.0,0,1,3p3_L=1.0_S=1.0,1,1.0,1.0,2.0,1.0,0.0,2.0,2.0,1.0,16416377.554137815
2s3_L=0.0_S=1.0,0,1,3p3_L=1.0_S=1.0,1,1.0,1.0,2.0,1.0,1.0,1.0,2.0,1.0,-14217000.0
2s3_L=0.0_S=1.0,0,1,3p3_L=1.0_S=1.0,1,1.0,1.0,2.0,1.0,1.0,2.0,2.0,1.0,24624566.331206717
2s3_L=0.0_S=1.0,0,1,3p3_L=1.0_S=1.0,1,1.0,1.0,2.0,1.0,2.0,0.0,2.0,1.0,16416377.554137815
2s3_L=0.0_S=1.0,0,1,3p3_L=1.0_S=1.0,1,1.0,1.0,2.0,1.0,2.0,1.0,2.0,1.0,-24624566.331206724
2s3_L=0.0_S=1.0,0,1,3p3_L=1.0_S=1.0,1,1.0,1.0,2.0,1.0,2.0,2.0,2.0,1.0,21716826.218395725
2s3_L=0.0_S=1.0,0,1,3p3_L=1.0_S=1.0,1,1.0,1.0,2.0,2.0,0.0,2.0,2.0,2.0,16416377.554137815
2s3_L=0.0_S=1.0,0,1,3p3_L=1.0_S=1.0,1,1.0,1.0,2.0,2.0,1.0,1.0,2.0,2.0,-14217000.0
2s3_L=0.0_S=1.0,0,1,3p3_L=1.0_S=1.0,1,1.0,1.0,2.0,2.0,1.0,2.0,2.0,2.0,24624566.331206717
2s3_L=0.0_S=1.0,0,1,3p3_L=1.0_S=1.0,1,1.0,1.0,2.0,2.0,2.0,0.0,2.0,2.0,16416377.554137815
2s3_L=0.0_S=1.0,0,1,3p3_L=1.0_S=1.0,1,1.0,1.0,2.0,2.0,2.0,1.0,2.0,2.0,-24624566.331206724
2s3_L=0.0_S=1.0,0,1,3p3_L=1.0_S=1.0,1,1.0,1.0,2.0,2.0,2.0,2.0,2.0,2.0,21716826.218395725
